CCCAG,CCATC,CCCAT,CCCCA,CCAGT,CCCCG,CCCAC,CCCC,CCATA,CCCAA,CCCCC,CCCCT,CCAT,CCATG,CCATT,CCCA,CCCG,CACAA,CCAGG,CCAGC,CAATT,CACAC,CCACT,CACTT,CCAG,CAATC,CCCGC,CACA,CAATA,CCCGG,CACTC,CCCGA,CAGA,CAGAA,CAAGC,CACTG,CAAGT,CCACG,CACAG,CCCGT,CAAT,CCAGA,CATAC,CAATG,CACCG,CATCA,CACCC,CACTA,CAAGG,CACCA,CACAT,CCCT,CAGCT,CACGC,CACGA,CAAGA,CAACT,CCCTC,CAGGC,CACC,CATAG,CATAT,CAGAC,CACCT,CCCTA,CATCT,CATCG,CAAG,CAGG,CATC,CAGGA,CCACC,CACGG,CCCTG,CATCC,CACG,CATG,CATAA,CAGAG,CCCTT,CAGAT,CAGCG,CACGT,CCACA,CCGAA,CACT,CAGTC,CATGC,CAGC,CATGA,CATA,CAGTT,CCGA,CAGCC,CCAAG,CAACG,CCAC,CCAAT,CAGCA,CAGGG,CAGTA,CAGGT,CCGAC,CATTA,CAGT,CATGG,CCGCT,CATGT,CAGTG,CAACC,CATT,CCAAA,CCGAT,CCAAC,CCGCG,CCGG,CATTC,CCGAG,CCGC,CCGGA,CCGCC,CATTT,CCAA,CCGCA,CATTG,CAACA,CAAAT,CAAC,Class
11,18,4,12,14,9,13,36,13,12,7,8,54,13,10,40,24,20,17,13,5,14,15,10,57,13,5,61,8,4,13,11,63,20,17,22,15,11,15,4,42,13,6,16,10,24,10,9,11,22,12,38,20,8,10,18,12,13,12,52,19,2,8,10,1,9,13,61,62,58,28,17,14,15,12,38,65,9,23,9,12,11,6,13,7,54,6,18,66,20,36,14,29,13,15,16,56,12,22,15,8,7,6,3,48,16,9,11,20,16,38,17,5,12,2,25,9,11,24,15,5,10,56,8,16,19,11,63,0
10,18,4,12,12,9,13,38,12,13,9,8,53,13,10,40,24,22,18,14,4,13,14,10,56,13,5,61,8,4,12,11,63,20,19,22,13,12,15,4,40,12,7,15,10,24,11,9,12,23,11,38,21,9,9,20,12,13,11,54,18,2,8,10,1,8,12,64,61,57,27,17,15,16,13,38,64,9,23,8,12,10,5,15,8,53,8,18,65,19,36,13,30,13,15,19,58,11,21,16,7,7,6,3,47,17,9,10,19,16,39,17,5,14,2,26,9,11,24,15,5,10,57,8,17,19,11,66,0
12,14,6,8,12,9,10,34,10,12,6,11,53,17,12,40,21,22,18,12,4,14,13,14,58,9,7,67,7,4,10,5,71,25,16,18,9,12,21,5,36,16,6,16,12,16,10,10,16,25,10,39,15,8,12,18,10,9,11,53,18,3,5,6,6,13,12,59,63,55,32,14,13,12,14,36,71,7,26,12,15,10,3,16,6,52,7,18,56,18,34,9,23,14,19,19,55,10,17,13,9,7,8,4,44,22,7,13,19,14,36,13,4,11,4,21,7,5,28,9,8,8,53,9,17,15,11,58,0
12,15,6,9,12,7,10,32,10,13,6,10,54,17,12,41,19,21,18,11,2,12,13,15,57,9,7,64,8,4,9,4,71,25,16,16,9,11,23,4,35,16,8,16,10,16,10,10,14,22,8,39,12,9,12,17,10,9,11,48,17,3,5,6,6,13,13,56,64,55,33,13,12,12,13,37,69,6,26,12,15,10,4,16,5,50,8,15,54,18,34,8,23,15,17,19,53,10,17,13,10,7,8,5,46,22,6,14,20,13,34,16,4,12,5,20,6,6,28,10,7,9,55,10,14,16,11,58,0
12,9,10,7,15,4,5,14,9,9,0,3,48,19,11,36,15,15,22,12,15,7,8,10,65,7,2,43,8,5,7,5,71,22,4,13,3,9,15,3,48,16,11,18,1,11,8,6,15,12,6,27,11,5,7,17,13,2,13,28,7,4,10,7,8,9,3,39,72,27,25,7,10,11,4,24,81,13,23,6,16,13,2,7,8,36,10,19,50,21,35,10,19,13,8,6,31,7,13,14,5,20,2,12,41,32,2,9,16,11,44,14,4,14,4,23,8,5,9,11,2,10,43,1,14,18,10,48,0
21,5,8,7,16,5,4,15,7,6,0,3,41,19,10,39,14,16,19,16,10,9,11,14,71,7,3,44,8,3,7,5,79,27,4,14,6,3,15,3,45,20,11,20,1,13,3,9,16,10,4,18,15,2,6,17,12,4,14,24,9,6,14,10,2,8,3,43,71,28,25,4,9,8,4,21,84,7,24,4,14,16,4,12,6,44,8,17,60,23,33,10,19,12,11,8,30,6,17,13,6,19,5,12,40,31,5,13,16,12,49,15,4,11,2,17,6,4,12,7,3,16,43,2,15,19,14,51,0
21,8,8,7,17,4,4,14,7,6,0,3,43,18,10,39,15,15,18,15,9,8,8,11,72,9,3,43,13,3,9,6,82,24,4,13,5,3,16,3,46,22,10,15,3,13,4,9,14,11,4,22,16,2,4,21,11,4,13,25,7,6,13,7,2,13,2,44,70,35,26,4,10,12,7,19,81,8,28,4,17,15,3,13,7,42,9,14,56,22,31,11,21,11,10,9,28,7,14,13,7,18,4,9,43,32,7,13,16,10,43,13,5,10,2,16,6,5,11,7,2,12,40,0,16,15,12,45,0
18,19,6,14,8,7,9,38,7,9,9,8,51,13,12,42,22,18,29,14,9,7,14,14,68,9,4,50,6,10,13,4,62,13,9,15,8,13,19,4,42,17,7,18,11,26,14,11,18,27,6,32,15,8,9,18,14,13,14,60,7,4,15,8,2,16,9,53,63,62,29,19,14,9,11,40,65,6,23,8,11,9,9,17,3,53,6,13,62,16,24,10,18,18,16,16,63,10,20,13,4,7,5,3,42,21,3,15,22,17,38,15,6,15,4,34,8,4,19,14,3,5,56,9,22,21,10,68,0
18,19,6,13,8,7,9,38,8,8,9,8,51,12,12,41,22,17,28,14,9,7,14,14,67,9,4,50,6,10,13,4,63,13,8,15,8,12,20,4,41,17,7,17,11,27,14,11,18,27,6,32,16,8,9,18,14,13,14,60,7,4,15,8,2,16,9,52,62,62,28,19,13,9,10,39,64,7,24,8,11,9,9,18,3,53,6,13,63,15,25,10,18,18,17,16,63,9,20,13,4,7,5,3,43,21,3,15,23,17,39,15,6,15,4,34,10,4,19,14,3,5,56,9,21,21,10,68,0
18,18,6,14,8,9,9,41,8,10,10,8,53,14,13,43,24,19,29,15,9,7,14,13,69,8,5,54,6,10,14,4,63,13,10,15,8,12,22,5,41,17,7,18,11,29,14,11,19,28,6,32,16,8,8,18,14,14,14,61,7,5,15,8,2,16,8,55,64,64,30,19,12,9,11,37,66,8,24,7,11,9,9,20,5,53,6,13,64,16,27,10,20,18,18,16,65,10,21,13,4,7,5,3,42,22,2,15,22,19,40,15,6,16,4,34,8,4,19,14,3,6,59,10,23,22,10,71,0
16,21,8,12,10,5,11,24,5,8,3,4,58,20,12,43,20,17,21,10,8,17,16,8,64,9,6,60,7,9,11,1,81,29,13,21,8,12,17,4,36,23,9,12,9,33,9,9,10,27,9,34,18,9,11,20,9,10,11,58,5,3,17,13,4,13,7,51,53,60,24,12,6,10,7,31,75,6,26,10,9,12,5,16,2,49,9,21,54,19,23,10,14,9,15,12,56,7,15,10,7,8,6,3,39,27,7,8,13,17,34,11,2,16,9,28,6,4,27,13,7,6,49,4,19,22,10,60,0
16,19,8,11,10,7,11,25,5,9,3,4,56,20,12,44,22,17,22,10,8,17,15,8,65,9,7,60,7,9,11,1,81,30,13,20,8,12,17,5,35,23,9,11,10,32,9,9,11,28,9,35,19,9,11,20,10,10,11,61,5,4,17,14,4,13,7,52,54,59,24,13,8,11,7,33,75,6,25,10,9,11,5,16,3,48,7,21,55,19,24,11,15,9,16,13,56,7,16,11,7,8,6,3,39,27,7,8,14,17,34,14,2,17,10,28,6,4,30,13,7,6,54,6,19,22,10,62,0
16,20,8,11,10,7,11,25,5,9,3,4,57,20,12,44,22,17,22,10,8,18,15,8,65,9,7,61,7,9,11,1,81,30,13,20,8,12,17,5,36,23,9,12,10,32,9,9,11,28,9,35,19,9,11,20,10,10,11,61,5,4,17,14,4,13,7,52,54,59,24,13,8,11,7,33,75,6,25,10,9,12,5,16,3,48,9,21,55,19,24,10,15,8,16,12,56,7,16,11,7,8,6,3,39,27,7,8,13,17,34,13,2,17,10,28,6,4,29,13,7,6,53,5,19,22,10,61,0
15,21,8,9,10,5,10,21,4,8,3,4,58,20,13,41,20,17,20,10,8,17,14,8,63,9,6,60,7,9,10,1,80,29,13,20,8,11,17,4,36,23,9,12,10,33,9,9,10,27,9,33,18,8,11,20,9,10,11,59,5,3,17,13,4,13,6,51,52,59,24,13,6,9,7,30,75,5,25,10,9,12,5,16,3,47,8,21,54,19,22,10,15,9,15,12,54,7,15,10,7,7,6,3,38,27,7,8,13,17,35,11,2,16,9,28,7,4,27,13,7,6,49,4,19,22,10,60,0
14,20,10,12,13,3,5,28,6,10,7,6,75,33,16,39,21,16,22,8,1,11,7,13,71,10,2,63,3,3,8,12,75,21,10,14,7,7,24,4,33,28,5,19,5,17,11,2,21,21,12,38,12,9,5,12,5,10,13,47,10,4,16,10,6,13,10,50,69,64,27,14,15,12,24,38,83,5,27,10,11,11,9,12,4,37,10,15,45,20,24,11,22,8,11,7,40,10,14,19,10,10,7,1,56,36,6,12,25,9,40,15,2,8,2,31,10,9,22,13,7,7,44,7,22,12,8,33,1
12,19,10,11,11,2,5,24,6,10,5,6,74,33,16,37,18,16,19,8,1,10,7,13,66,9,1,61,3,3,7,10,74,21,10,14,7,7,23,4,33,28,5,20,5,17,10,2,20,17,12,35,11,9,5,12,5,9,12,42,10,4,16,10,6,13,10,49,66,63,25,12,14,10,23,36,83,4,27,10,10,10,8,13,4,36,9,15,42,20,23,11,20,8,11,7,39,10,13,19,10,10,6,1,52,36,5,12,22,9,40,14,2,8,2,31,10,8,19,13,6,7,43,6,22,12,8,33,1
12,16,5,9,4,6,5,27,6,7,3,9,61,26,13,29,25,13,19,9,4,14,9,12,59,9,3,58,10,0,7,15,84,23,13,14,10,2,20,7,39,27,2,16,8,16,6,3,15,20,11,41,12,6,7,14,4,9,15,45,8,4,21,11,6,18,11,52,63,58,23,10,9,16,13,30,92,5,29,10,11,10,8,10,2,36,3,19,48,18,19,8,29,10,6,16,31,12,16,18,4,7,10,3,40,40,2,15,25,9,43,11,6,13,4,25,10,11,19,12,3,8,42,10,22,18,4,47,1
11,14,5,9,5,6,5,27,6,7,3,9,63,26,17,28,26,13,20,8,3,14,8,13,60,10,3,58,10,0,7,16,84,23,13,13,10,4,20,7,43,27,2,20,9,16,7,3,15,20,11,41,9,7,7,14,5,8,14,46,8,4,20,10,7,17,10,52,63,55,24,11,9,16,12,30,93,5,30,10,11,10,7,10,2,36,3,20,47,18,19,10,29,12,7,16,33,12,16,17,4,8,10,3,42,40,2,15,25,9,46,12,6,14,4,27,12,11,20,13,3,8,45,11,23,17,4,47,1
11,15,5,9,5,6,5,27,6,7,3,9,63,26,16,28,25,13,20,8,4,14,9,12,60,9,3,59,10,0,7,15,84,23,13,14,10,3,20,7,41,27,2,18,8,16,7,3,16,20,12,41,10,6,7,14,5,8,14,46,7,4,20,11,7,16,10,53,64,55,23,10,9,16,13,29,94,5,30,10,11,11,7,10,2,36,3,20,48,18,18,10,29,11,7,17,32,11,16,19,4,8,10,3,42,41,2,15,25,9,46,12,6,14,4,25,11,11,20,12,3,9,44,11,23,17,4,48,1
11,14,5,9,5,6,5,27,7,7,3,9,64,26,17,28,25,13,20,8,3,14,9,12,60,10,3,57,10,0,7,15,84,23,13,14,10,3,19,7,42,27,2,19,8,15,7,3,14,20,11,41,9,6,7,14,5,8,14,46,8,5,20,11,7,16,10,51,65,55,24,10,9,16,14,29,92,5,30,10,11,11,7,9,2,36,3,20,48,17,20,9,29,11,7,17,31,11,17,19,4,8,10,4,41,40,2,15,25,9,46,12,6,14,4,25,10,11,20,12,3,9,44,11,23,17,4,48,1
16,6,8,11,8,6,10,40,5,4,15,8,45,20,14,38,22,10,12,8,8,15,7,8,49,3,1,59,5,9,6,7,76,20,5,20,6,6,27,5,40,21,2,24,14,18,10,4,18,10,7,35,11,10,7,19,8,7,14,49,13,5,14,15,5,10,2,48,62,41,20,12,17,12,11,42,78,6,24,11,18,13,8,14,6,38,9,13,61,26,26,0,19,16,10,9,39,6,21,18,2,10,5,5,39,31,4,8,28,15,35,11,1,16,4,44,11,7,15,16,2,7,43,5,12,17,7,49,1
11,6,7,10,7,5,11,30,9,4,8,7,50,24,11,33,19,11,13,6,6,18,8,7,43,6,0,58,4,9,9,5,70,17,4,22,4,6,22,5,34,17,3,18,11,18,6,7,16,8,7,33,11,8,5,20,10,7,15,41,14,3,10,16,5,10,4,44,58,43,17,9,18,10,11,35,79,7,26,11,17,10,4,13,6,45,6,12,55,24,27,3,16,16,11,10,36,4,18,18,4,8,3,3,37,33,3,10,24,12,33,11,0,16,4,42,11,7,13,18,2,7,42,4,12,14,9,46,1
12,11,11,11,8,6,13,33,9,8,10,6,57,25,12,44,28,12,18,5,4,17,12,5,57,11,5,67,3,10,9,7,78,15,4,21,4,8,31,6,40,26,6,22,8,10,12,7,14,18,7,35,11,6,9,18,11,10,6,51,13,3,18,13,1,8,4,40,69,33,26,11,13,17,11,37,76,8,33,7,12,10,9,17,4,42,5,17,55,20,30,5,20,14,7,8,48,9,20,25,5,12,7,2,41,30,6,9,26,12,43,15,0,17,4,38,10,9,20,9,4,5,48,6,26,18,9,49,1
12,11,12,11,8,6,12,34,10,8,11,6,59,25,13,44,29,11,18,5,4,14,11,5,56,11,6,64,3,10,9,7,79,16,4,22,4,8,30,6,39,25,5,21,7,10,12,6,15,18,8,35,10,6,9,20,11,10,6,49,14,4,17,12,1,8,4,43,67,34,25,10,12,17,12,35,77,8,33,7,13,11,8,16,4,42,4,17,55,20,31,6,21,14,7,6,45,9,20,23,4,13,8,3,40,31,4,9,26,12,47,14,0,16,4,38,11,9,19,9,4,6,46,7,27,18,8,47,1
12,11,12,11,8,6,13,33,10,8,10,6,59,25,13,45,29,11,18,5,4,14,11,5,56,11,6,64,3,10,9,7,80,16,4,22,4,8,30,6,39,25,5,21,7,10,13,6,15,18,9,35,10,6,9,20,11,10,6,50,14,4,18,12,1,8,4,43,67,34,25,11,12,17,12,35,77,8,33,7,13,11,8,17,4,42,4,17,55,20,31,6,21,13,7,6,47,9,21,23,4,13,8,3,40,31,4,9,26,13,47,14,0,16,5,37,11,9,19,9,4,6,46,6,27,18,8,48,1
9,9,5,4,9,7,13,25,6,5,7,7,43,21,7,32,30,10,16,7,2,13,10,8,56,6,9,62,6,11,8,4,82,19,5,19,4,8,32,6,34,24,6,20,9,17,8,8,19,15,7,29,13,6,8,17,7,9,13,41,12,1,17,9,5,12,6,45,62,44,23,6,13,6,9,30,83,5,32,9,14,5,3,12,5,43,14,14,49,23,24,5,18,11,16,6,36,6,20,19,8,7,5,2,56,34,3,12,29,12,40,5,3,13,6,38,7,5,21,14,5,11,40,7,20,19,10,44,1
8,10,7,4,9,7,13,25,6,5,7,7,45,23,6,33,31,9,15,7,2,13,10,8,54,6,9,62,5,12,9,4,79,18,5,19,5,7,33,6,34,23,6,21,9,18,7,8,18,15,7,28,13,6,8,19,7,8,12,39,11,1,16,8,5,12,6,47,60,45,21,6,13,6,9,30,86,5,32,9,13,6,3,13,6,44,14,14,51,24,23,5,19,11,17,6,36,6,21,19,6,8,5,1,54,36,3,12,29,12,40,5,2,13,6,39,7,6,21,15,5,12,41,7,20,20,10,45,1
10,10,5,6,7,9,10,29,7,7,9,5,43,20,6,32,29,8,15,5,4,14,12,6,53,9,5,58,5,10,9,6,84,17,4,27,7,10,29,8,36,26,7,18,10,11,11,7,16,18,7,36,10,11,7,16,9,12,7,51,14,4,19,12,3,10,2,43,61,31,25,9,17,13,8,40,74,4,35,8,13,14,5,16,5,49,5,13,55,25,29,8,24,14,12,7,47,7,17,18,3,11,10,3,45,28,4,8,29,15,30,13,0,14,3,34,7,9,20,9,4,6,46,9,14,16,6,47,1
