VECTORS,Test_Culex,Test_Culex,Test_Culex,Test_Culex,Test_Culex,Test_Culex,Test_Culex,Test_Culex,Test_Culex,Test_Culex,Test_Culex,Test_Culex,Test_Culex,Test_Culex,Test_Ixodes,Test_Ixodes,Test_Ixodes,Test_Ixodes,Test_Ixodes,Test_Ixodes,Test_Ixodes,Test_Ixodes,Test_Ixodes,Test_Ixodes,Test_Ixodes,Test_Ixodes,Test_Ixodes,Test_Ixodes
AAAA,100,99,98,103,77,60,64,56,55,61,68,73,73,70,66,58,52,53,53,54,115,63,77,82,79,66,66,76
AAAAA,34,33,27,30,18,11,13,16,16,19,19,21,21,21,21,18,11,10,10,10,60,14,19,24,22,18,18,20
AAAAC,22,21,23,23,13,17,14,9,8,10,19,20,20,19,14,12,11,11,11,12,18,13,19,21,20,15,15,20
AAAAG,26,26,27,28,33,25,26,19,19,19,20,22,22,20,22,20,23,24,24,24,28,28,30,29,29,25,25,26
AAAAT,18,19,21,22,13,7,11,12,12,13,10,10,10,10,9,8,7,8,8,8,9,8,9,8,8,8,8,10
AAAC,52,52,55,53,42,42,39,41,40,42,51,53,53,51,37,34,38,38,38,39,38,36,45,47,47,41,41,48
AAACA,20,18,19,17,18,20,17,11,10,12,16,18,18,15,11,10,14,14,14,15,17,11,15,17,17,13,13,22
AAACC,18,17,18,18,8,11,11,17,17,17,18,18,18,19,10,10,9,9,9,9,10,11,13,14,14,10,10,11
AAACG,9,11,8,8,8,5,6,7,7,7,6,6,6,6,6,5,6,6,6,6,3,6,4,3,3,5,5,5
AAACT,5,6,10,10,8,6,5,6,6,6,11,11,11,11,10,9,9,9,9,9,8,8,13,13,13,13,13,10
AAAG,86,85,86,89,89,90,88,81,81,81,76,78,78,74,82,78,87,85,85,86,86,83,75,76,75,71,70,75
AAAGA,24,25,32,34,32,35,34,23,23,23,24,25,25,24,25,24,30,29,29,30,29,26,30,30,29,26,26,31
AAAGC,21,20,21,21,19,19,19,21,21,21,14,14,14,13,12,12,14,13,13,13,14,15,8,8,8,11,10,10
AAAGG,24,24,20,20,24,25,25,20,20,20,23,23,23,22,28,26,31,31,31,31,29,28,25,26,26,26,25,22
AAAGT,17,16,13,14,14,11,10,17,17,17,15,16,16,15,17,16,12,12,12,12,14,14,12,12,12,8,9,12
AAAT,41,41,45,46,43,45,48,36,36,37,39,39,39,39,32,30,24,25,25,25,26,24,37,35,35,31,31,35
AAATA,5,5,8,9,6,9,10,9,10,10,5,5,5,5,2,2,4,4,4,4,4,8,4,4,4,2,2,2
AAATC,5,6,7,8,10,7,7,8,7,7,6,6,6,6,8,8,7,7,7,7,3,3,6,6,6,9,9,5
AAATG,23,23,21,21,16,20,19,13,13,13,22,22,22,22,17,17,12,12,12,12,14,11,22,20,20,18,18,20
AAATT,8,7,9,8,11,9,12,6,6,7,6,6,6,6,5,3,1,2,2,2,5,2,5,5,5,2,2,8
AACA,70,71,65,63,66,73,61,63,64,67,65,67,67,63,51,49,61,59,59,59,67,57,62,67,67,66,67,67
AACAA,20,19,18,17,12,14,13,17,18,18,17,17,17,16,10,9,23,21,21,21,21,17,16,17,17,16,17,18
AACAC,14,13,13,13,14,14,11,14,15,15,16,17,17,16,12,11,9,10,10,10,10,7,13,13,13,12,12,10
AACAG,21,23,17,16,23,23,19,13,12,14,16,17,17,16,18,18,16,15,15,15,23,19,19,21,21,21,21,23
AACAT,15,16,17,17,17,22,18,19,19,20,16,16,16,15,11,11,13,13,13,13,13,14,14,16,16,17,17,16
AACC,53,51,53,52,39,40,40,56,56,59,52,53,54,52,29,29,30,30,30,30,40,38,37,37,38,43,44,40
AACCA,27,26,24,24,19,21,19,26,26,28,18,19,19,18,10,10,13,13,13,13,10,9,13,13,13,11,11,11
AACCC,12,12,11,11,10,8,9,11,11,11,13,13,14,12,11,11,7,7,7,7,16,14,11,11,12,17,17,10
AACCG,8,7,8,7,4,3,4,9,9,9,12,12,12,12,4,4,3,3,3,3,4,5,4,4,4,3,3,5
AACCT,6,6,10,10,6,8,8,10,10,11,9,9,9,10,4,4,7,7,7,7,10,10,9,9,9,12,13,14
AACG,37,40,32,33,22,26,28,27,27,29,30,31,30,30,19,17,30,29,29,29,27,33,24,22,22,25,25,27
AACGA,11,11,8,8,8,10,8,4,4,4,12,14,12,12,6,5,6,6,6,6,6,6,4,5,5,4,3,3
AACGC,11,13,10,11,6,5,6,11,11,12,7,7,7,7,2,2,9,9,9,9,6,7,6,6,6,7,7,7
AACGG,8,9,8,8,4,4,6,8,8,9,6,5,6,6,7,7,13,13,13,13,9,13,9,7,7,9,10,10
AACGT,7,7,6,6,4,7,8,4,4,4,5,5,5,5,4,3,2,1,1,1,6,7,5,4,4,5,5,7
AACT,31,34,32,32,44,33,33,30,31,32,40,41,41,40,38,34,21,23,23,23,33,34,41,41,41,40,40,31
AACTA,3,6,4,4,12,4,4,5,5,6,6,6,6,6,6,6,4,4,4,4,3,5,1,1,1,6,6,1
AACTC,9,9,11,11,4,5,5,6,6,6,12,12,12,12,5,4,3,2,2,2,10,9,9,9,9,13,12,7
AACTG,9,9,8,8,17,17,15,14,15,15,12,12,12,12,16,14,8,9,9,9,13,12,21,21,21,16,16,14
AACTT,10,10,9,9,11,7,9,5,5,5,10,11,11,10,11,10,6,8,8,8,7,8,10,10,10,5,6,9
AAGA,80,83,86,88,87,94,95,89,90,90,88,90,90,89,69,66,79,78,78,79,83,78,81,81,80,73,79,85
AAGAA,28,29,26,29,26,31,29,29,29,29,33,34,34,33,17,15,19,20,20,21,23,21,22,22,21,26,27,23
AAGAC,13,14,18,19,17,19,21,16,16,17,19,20,20,20,14,13,21,21,22,22,20,17,17,16,16,14,16,15
AAGAG,25,25,31,30,28,26,29,28,28,28,19,19,19,19,25,25,28,26,26,26,28,27,30,30,30,22,25,33
AAGAT,14,15,11,10,16,18,16,16,17,16,17,17,17,17,13,13,11,11,10,10,12,13,12,13,13,11,11,14
AAGC,62,63,67,66,49,50,43,62,61,65,59,61,61,58,47,47,42,41,42,42,32,34,25,25,25,29,28,29
AAGCA,18,20,22,22,12,14,11,9,9,10,16,16,17,16,12,12,8,7,8,8,10,11,8,8,8,9,8,11
AAGCC,14,15,16,17,17,14,11,18,18,19,21,22,22,20,13,13,15,14,14,14,10,10,5,4,4,9,9,5
AAGCG,7,6,6,6,10,10,9,18,17,18,8,8,8,8,5,5,6,6,6,6,2,1,6,6,6,5,5,4
AAGCT,23,22,23,21,10,12,12,17,17,18,14,15,14,14,17,17,13,14,14,14,10,12,6,7,7,6,6,9
AAGG,61,61,66,64,74,70,68,66,67,68,61,64,64,60,81,76,76,77,78,77,78,75,67,70,71,85,85,66
AAGGA,27,26,27,24,29,30,26,23,24,25,21,22,22,21,27,26,25,24,24,24,24,27,21,21,22,31,30,20
AAGGC,10,10,12,13,14,13,14,13,13,13,17,17,17,16,17,14,18,20,20,20,15,13,14,14,14,15,16,13
AAGGG,12,12,12,12,16,10,11,12,12,12,9,11,11,9,22,21,18,19,20,19,24,17,18,18,18,18,19,17
AAGGT,12,13,15,15,15,17,17,18,18,18,14,14,14,14,15,15,15,14,14,14,15,18,14,17,17,21,20,16
AAGT,52,50,38,39,41,39,40,49,49,48,49,50,50,49,28,27,33,33,33,33,28,24,24,27,26,16,17,29
AAGTA,6,6,5,6,5,6,6,4,4,4,3,3,2,3,3,3,1,1,1,1,2,1,4,4,4,1,1,4
AAGTC,16,15,11,10,8,9,8,9,10,9,14,14,14,14,6,6,12,12,12,12,7,7,5,7,7,3,4,9
AAGTG,18,17,9,9,16,14,16,24,24,23,20,21,21,20,14,13,11,11,11,11,11,10,9,10,9,6,6,11
AAGTT,12,12,13,14,12,10,10,12,11,12,12,12,13,12,5,5,9,9,9,9,8,6,6,6,6,6,6,5
AATA,17,17,23,25,37,36,44,23,22,22,19,19,19,19,10,10,22,21,21,20,13,18,13,12,12,16,15,13
AATAA,3,3,6,6,8,8,10,5,4,4,5,5,5,5,2,2,4,4,4,4,3,6,5,5,5,3,2,3
AATAC,5,6,6,7,13,11,14,8,8,8,5,5,5,5,4,4,10,9,9,9,8,5,3,3,3,4,4,3
AATAG,6,6,6,7,8,12,13,3,3,3,4,4,4,4,0,0,5,5,5,4,2,5,1,1,1,6,6,4
AATAT,3,2,5,5,8,5,7,7,7,7,5,5,5,5,4,4,3,3,3,3,0,2,4,3,3,3,3,3
AATC,31,31,27,27,24,26,24,23,22,21,25,24,25,25,26,25,29,30,29,30,9,13,26,26,26,20,20,20
AATCA,15,14,11,11,6,7,7,12,12,11,12,11,12,12,8,8,8,9,8,9,4,5,7,7,7,10,10,6
AATCC,4,4,9,9,8,13,11,7,7,7,3,3,3,3,8,8,12,12,12,12,3,4,9,9,9,4,4,5
AATCG,5,7,5,5,3,3,2,3,2,2,4,4,4,4,1,1,1,1,1,1,0,1,3,3,3,2,2,2
AATCT,7,6,2,2,7,3,4,1,1,1,6,6,6,6,9,8,8,8,8,8,2,3,7,7,7,4,4,7
AATG,71,70,71,71,70,71,66,55,54,55,66,66,66,66,61,61,49,51,51,51,67,57,66,63,63,57,58,61
AATGA,16,16,15,15,16,16,15,12,11,12,17,17,17,17,10,10,8,7,7,7,15,14,14,12,12,10,10,15
AATGC,11,11,9,10,10,13,12,10,10,10,15,15,15,15,12,12,10,11,11,11,11,10,11,11,11,8,8,12
AATGG,29,29,32,32,31,30,29,23,23,23,25,25,25,25,31,31,24,26,26,26,34,28,31,31,31,27,28,29
AATGT,15,14,15,14,13,12,10,10,10,10,9,9,9,9,8,8,7,7,7,7,7,5,10,9,9,12,12,5
AATT,24,23,25,25,40,36,42,27,27,29,25,26,25,25,16,14,18,16,17,16,22,14,16,16,16,14,13,19
AATTA,7,8,7,6,9,7,9,2,2,3,7,8,7,7,0,0,3,2,3,2,4,1,2,2,2,1,1,2
AATTC,8,8,8,8,10,6,7,8,8,8,7,7,7,7,4,4,3,3,3,3,5,3,6,6,6,5,5,6
AATTG,5,3,7,7,10,15,17,11,11,12,7,7,7,7,6,5,7,6,6,6,9,9,7,7,7,7,6,10
AATTT,4,4,3,4,11,8,9,6,6,6,4,4,4,4,6,5,5,5,5,5,4,1,1,1,1,1,1,1
ACAA,59,60,59,58,55,61,60,64,64,66,54,54,54,53,55,53,65,64,64,63,58,51,54,54,54,50,51,53
ACAAA,17,17,17,16,14,20,22,22,23,23,20,20,20,19,22,22,17,16,16,16,17,16,14,15,15,11,10,16
ACAAC,21,20,22,22,17,22,18,19,19,20,16,16,16,16,10,10,19,19,19,19,13,13,10,10,10,15,16,9
ACAAG,13,16,15,15,11,9,9,13,12,14,11,11,11,11,13,11,19,19,19,18,18,14,18,18,18,14,15,17
ACAAT,8,7,5,5,13,10,11,10,10,9,7,7,7,7,10,10,10,10,10,10,10,8,12,11,11,10,10,11
ACAC,57,54,54,50,38,38,37,50,50,50,66,68,68,66,47,45,50,52,52,52,52,51,63,59,59,58,58,53
ACACA,16,14,16,14,6,8,5,9,9,9,19,19,19,19,20,20,17,17,17,17,20,18,23,20,20,27,27,19
ACACC,14,14,15,11,11,11,12,17,17,18,22,24,24,22,8,7,16,16,16,16,13,14,16,16,16,16,15,15
ACACG,9,8,5,6,5,5,5,13,12,11,6,6,6,6,7,7,9,9,9,9,13,11,12,12,12,7,7,9
ACACT,18,18,18,19,16,14,15,11,12,12,19,19,19,19,12,11,8,10,10,10,6,8,12,11,11,8,9,10
ACAG,58,61,62,65,70,75,74,56,57,60,62,63,63,62,70,68,69,69,69,69,77,68,75,76,76,78,75,75
ACAGA,22,22,24,26,24,27,29,17,17,18,29,29,29,29,20,19,21,20,20,20,24,21,26,27,27,32,31,25
ACAGC,14,14,14,13,15,17,16,17,18,19,14,15,15,14,12,11,14,15,15,15,14,13,17,16,16,12,13,12
ACAGG,13,15,15,15,18,20,18,14,14,15,13,13,13,13,22,22,19,19,19,19,25,21,21,21,21,14,13,23
ACAGT,9,10,9,11,13,11,11,8,8,8,6,6,6,6,16,16,15,15,15,15,14,13,11,12,12,20,18,15
ACAT,49,50,52,50,48,54,49,56,56,57,50,50,50,49,49,49,55,54,54,53,44,43,42,45,45,50,49,43
ACATA,5,5,5,6,9,7,7,5,5,5,7,7,7,7,2,2,3,3,3,3,8,6,9,9,9,7,6,6
ACATC,21,22,25,24,7,8,10,20,21,21,13,13,13,12,16,16,16,15,14,14,11,8,8,9,9,12,12,10
ACATG,14,14,19,17,21,23,20,19,19,19,23,23,23,23,22,22,27,27,27,26,20,22,16,16,16,24,24,18
ACATT,9,9,3,3,11,16,12,12,11,12,7,7,7,7,9,9,9,9,10,10,5,7,9,11,11,7,7,9
ACCA,70,69,75,74,56,54,51,83,81,86,70,72,72,70,70,65,65,68,68,68,51,48,66,64,64,52,51,61
ACCAA,15,16,20,20,16,16,15,20,19,20,21,22,22,21,12,11,11,12,12,12,17,15,18,16,16,14,14,19
ACCAC,21,20,19,18,11,10,7,19,19,21,20,20,20,20,17,16,10,10,10,10,9,9,12,12,12,8,8,12
ACCAG,21,20,18,18,17,18,18,24,23,25,15,16,16,15,21,19,24,26,26,26,15,15,22,22,22,18,17,17
ACCAT,13,13,18,18,12,10,11,20,20,20,14,14,14,14,20,19,20,20,20,20,10,9,14,14,14,12,12,13
ACCC,39,40,37,36,27,22,24,40,41,42,40,42,42,39,33,31,27,26,26,26,38,33,36,34,36,35,35,29
ACCCA,10,11,11,11,11,11,10,8,8,8,13,13,13,13,10,10,7,7,7,7,10,8,13,12,13,8,9,9
ACCCC,14,14,11,10,7,6,6,12,13,14,13,15,15,13,7,7,7,7,7,7,9,8,8,8,8,7,7,7
ACCCG,4,3,4,4,5,3,4,8,8,8,4,4,4,4,6,5,4,4,4,4,6,5,6,6,7,12,12,5
ACCCT,11,12,11,11,4,2,4,12,12,12,10,10,10,9,10,9,9,8,8,8,13,12,9,8,8,8,7,8
ACCG,34,35,29,29,13,15,16,28,28,28,29,31,31,30,20,20,20,21,20,20,30,27,22,22,22,21,21,22
ACCGA,8,9,9,9,3,5,6,7,7,7,6,7,7,7,3,3,4,4,4,4,3,3,4,5,5,4,4,5
ACCGC,8,8,6,6,3,3,2,6,6,6,9,10,10,9,6,6,5,5,5,5,6,6,6,5,5,4,4,6
ACCGG,10,10,5,5,6,4,5,11,11,11,8,8,8,8,9,9,8,9,8,8,16,13,8,8,7,11,11,9
ACCGT,8,8,9,9,1,3,3,4,4,4,6,6,6,6,2,2,3,3,3,3,5,5,4,4,5,2,2,2
ACCT,33,33,31,32,30,32,34,40,40,41,35,35,36,36,29,29,31,30,31,31,40,40,47,47,47,40,39,52
ACCTA,7,7,6,7,5,7,8,10,10,11,2,2,2,2,4,4,7,7,7,7,5,5,6,6,6,8,8,6
ACCTC,8,8,5,6,10,11,12,5,5,5,8,7,8,8,5,5,5,5,5,5,7,9,10,10,10,9,9,11
ACCTG,13,13,12,11,10,8,7,18,18,18,16,17,17,17,13,13,13,12,13,13,15,14,21,21,21,8,8,23
ACCTT,5,5,8,8,5,6,7,7,7,7,9,9,9,9,7,7,6,6,6,6,13,12,10,10,10,15,14,12
ACGA,36,34,35,35,23,27,22,20,21,20,32,34,32,32,20,19,23,22,22,22,27,22,18,19,19,29,28,15
ACGAA,13,13,13,13,9,9,5,6,6,6,12,12,12,12,6,5,7,7,7,7,6,5,3,4,4,9,10,4
ACGAC,10,9,5,6,3,5,5,3,3,3,8,9,8,8,3,3,7,7,7,7,7,5,3,3,3,4,4,2
ACGAG,9,7,12,12,8,8,8,6,7,6,5,6,5,5,7,7,8,8,8,8,10,6,7,7,7,10,8,6
ACGAT,4,5,5,4,3,5,4,5,5,5,7,7,7,7,4,4,1,0,0,0,4,6,5,5,5,6,6,3
ACGC,31,34,29,30,20,16,16,28,28,29,28,28,28,27,29,29,35,35,35,35,31,28,30,30,30,22,22,33
ACGCA,9,10,6,6,5,6,5,8,8,8,6,6,6,6,7,7,15,14,14,14,6,8,10,10,10,5,5,9
ACGCC,8,9,8,10,7,2,3,6,6,5,10,10,10,10,11,11,9,9,9,9,9,7,8,8,9,6,6,9
ACGCG,5,6,8,7,2,2,2,6,6,6,7,7,7,6,3,3,3,4,4,4,4,4,3,3,3,2,2,4
ACGCT,9,9,7,7,6,6,6,8,8,10,5,5,5,5,8,8,8,8,8,8,12,9,9,9,8,9,9,11
ACGG,38,39,38,36,32,28,33,39,38,39,28,27,28,27,36,34,34,34,34,35,52,51,36,36,36,32,34,44
ACGGA,13,11,16,16,11,9,10,15,15,15,7,6,6,6,14,14,10,10,10,10,14,15,10,10,10,10,10,14
ACGGC,13,15,12,12,9,8,12,10,9,9,8,9,9,8,9,8,8,8,9,10,14,14,9,10,10,8,9,14
ACGGG,7,8,4,3,6,6,7,11,11,11,6,5,6,6,8,7,8,8,8,8,12,10,9,8,8,11,12,8
ACGGT,5,5,6,5,6,5,4,3,3,4,7,7,7,7,5,5,8,8,7,7,12,12,8,8,8,3,3,8
ACGT,28,26,23,25,18,18,18,20,20,20,24,25,24,24,23,20,16,16,16,16,27,24,30,27,27,22,22,31
ACGTA,6,4,2,2,1,3,2,2,2,2,2,2,2,2,3,2,3,3,3,3,4,3,1,1,1,1,1,2
ACGTC,6,6,12,12,3,6,4,6,6,6,8,8,8,8,4,4,4,5,5,5,2,4,8,6,6,3,3,7
ACGTG,11,11,6,7,9,8,10,12,12,12,6,6,6,6,13,11,6,5,5,5,15,14,17,16,16,14,14,18
ACGTT,5,5,3,4,5,1,2,0,0,0,8,9,8,8,3,3,3,3,3,3,6,3,4,4,4,4,4,4
ACTA,29,33,27,29,24,21,23,28,30,32,25,28,28,25,22,21,17,16,16,16,18,18,20,19,19,22,22,18
ACTAA,5,7,4,4,5,8,8,3,3,3,4,4,4,4,5,4,1,1,1,1,3,5,4,4,4,5,5,3
ACTAC,5,6,8,9,8,4,5,7,7,7,5,5,5,5,7,7,5,5,5,5,6,5,9,9,9,7,7,7
ACTAG,14,15,11,11,3,3,3,7,9,11,5,8,8,5,4,4,5,4,4,4,3,3,4,4,4,6,6,6
ACTAT,5,5,4,5,8,6,7,11,11,11,11,11,11,11,6,6,6,6,6,6,6,5,3,2,2,4,4,2
ACTC,30,29,32,32,24,28,32,31,30,33,43,42,42,41,25,22,32,29,30,30,32,31,37,37,38,38,37,34
ACTCA,9,9,10,9,10,11,14,11,12,13,12,12,12,12,8,7,12,11,12,12,11,10,11,10,11,16,15,14
ACTCC,11,12,13,13,8,9,10,8,8,9,9,8,8,8,9,9,8,8,8,8,7,6,7,6,6,8,8,7
ACTCG,3,3,2,3,1,3,3,3,3,3,9,9,9,9,6,4,7,5,5,5,6,7,9,9,9,6,6,6
ACTCT,7,5,7,7,5,5,5,9,7,8,13,13,13,12,2,2,5,5,5,5,8,8,10,12,12,8,8,7
ACTG,54,54,52,52,62,64,60,56,57,57,64,62,62,62,55,53,50,49,50,50,66,67,74,75,74,65,65,74
ACTGA,19,19,16,16,21,18,17,16,16,16,15,14,14,14,10,10,6,6,6,6,17,18,17,17,17,13,13,14
ACTGC,5,5,1,1,17,16,15,9,9,9,12,11,11,12,13,13,8,8,8,8,11,10,12,13,12,12,12,14
ACTGG,24,24,29,30,18,19,19,20,20,20,25,25,25,24,22,20,23,22,23,23,28,29,38,38,38,26,26,34
ACTGT,6,6,6,5,6,11,9,11,12,12,12,12,12,12,10,10,13,13,13,13,10,10,7,7,7,14,14,12
ACTT,37,37,40,43,41,47,43,35,35,34,30,33,32,31,41,40,40,44,43,43,31,31,37,37,37,25,26,31
ACTTA,6,7,5,8,6,8,6,4,4,4,3,3,3,3,2,2,5,7,6,6,3,4,2,2,2,0,0,3
ACTTC,10,10,10,11,8,10,8,14,14,13,12,15,13,13,12,12,7,7,7,7,9,7,14,13,14,5,5,12
ACTTG,15,14,16,16,15,15,16,5,5,5,10,11,11,10,21,21,16,18,18,18,8,10,14,14,14,14,14,12
ACTTT,6,6,9,8,12,14,13,12,12,12,5,4,5,5,6,5,12,12,12,12,11,10,7,8,7,6,7,4
AGAA,92,94,98,102,73,83,80,80,78,77,97,101,100,97,66,62,72,73,73,73,70,64,69,71,71,80,82,76
AGAAA,25,26,33,34,22,23,23,19,18,18,25,26,26,24,16,14,20,20,20,21,23,19,19,20,19,23,23,24
AGAAC,27,27,17,17,13,12,13,20,20,20,25,25,25,25,16,15,15,16,16,15,17,17,20,21,22,24,24,17
AGAAG,25,26,34,36,24,31,28,29,28,28,26,29,28,27,20,19,24,24,24,24,20,20,22,22,22,21,23,26
AGAAT,15,15,14,15,14,17,16,12,12,11,21,21,21,21,14,14,13,13,13,13,10,8,8,8,8,12,12,9
AGAC,44,45,46,48,41,46,50,47,48,52,52,56,56,53,57,54,62,62,63,63,58,50,67,66,66,62,62,63
AGACA,14,15,14,18,13,11,16,17,17,17,20,21,21,21,19,18,22,22,22,21,15,13,14,14,14,20,19,14
AGACC,17,16,13,12,10,10,9,11,12,14,11,13,13,11,18,16,18,19,19,19,21,17,24,23,23,21,22,22
AGACG,6,6,10,10,3,6,5,7,7,7,7,7,7,7,9,9,6,6,6,7,9,8,14,14,14,8,9,16
AGACT,7,8,9,8,15,19,20,12,12,14,14,15,15,14,11,11,16,15,16,16,13,12,15,15,15,13,12,11
AGAG,88,88,102,100,85,90,93,86,91,93,81,84,84,80,95,95,94,98,99,95,110,106,112,113,113,102,104,116
AGAGA,27,27,31,31,25,26,27,32,33,33,24,24,24,24,30,30,32,34,35,32,43,39,39,39,39,38,40,43
AGAGC,9,9,13,13,18,23,23,15,15,16,13,13,13,13,16,16,15,14,16,14,22,23,25,26,26,11,12,25
AGAGG,41,41,39,38,23,22,23,26,29,31,28,31,31,27,28,28,27,29,28,28,25,25,30,30,30,33,32,27
AGAGT,11,11,19,18,19,19,20,13,14,13,16,16,16,15,21,21,20,21,20,21,20,19,18,18,18,20,20,21
AGAT,55,56,54,53,59,63,60,50,52,52,41,41,41,41,45,42,42,43,42,41,51,52,40,41,41,44,42,43
AGATA,10,10,9,9,11,9,9,10,11,10,5,5,5,5,5,4,3,3,3,4,3,3,3,3,3,2,2,3
AGATC,14,13,15,13,11,9,8,7,8,9,10,10,10,10,11,11,13,13,13,13,13,12,8,8,8,11,11,12
AGATG,23,23,21,21,20,27,26,22,22,22,14,14,14,14,20,19,17,17,17,16,30,31,22,24,24,19,17,23
AGATT,8,10,9,10,17,18,17,11,11,11,12,12,12,12,9,8,9,10,9,8,5,6,7,6,6,12,12,5
AGCA,67,65,64,64,53,59,50,49,49,51,50,51,52,50,44,42,49,48,50,50,48,49,48,48,49,50,49,53
AGCAA,15,16,13,14,13,15,11,19,19,19,11,11,11,11,9,9,13,13,15,14,13,11,12,12,12,10,11,15
AGCAC,8,8,15,15,11,13,7,7,7,7,11,11,12,11,9,8,12,11,11,11,8,8,7,7,7,6,6,10
AGCAG,28,25,25,23,16,16,17,16,16,16,20,20,20,20,15,15,14,15,15,16,16,18,18,18,19,20,19,19
AGCAT,16,16,11,12,13,15,15,7,7,9,8,9,9,8,11,10,10,9,9,9,11,12,11,11,11,14,13,9
AGCC,46,47,54,55,46,38,37,55,55,56,46,47,46,45,42,39,42,44,44,43,43,39,44,43,42,38,38,39
AGCCA,13,14,21,21,21,14,15,27,27,27,22,22,22,22,17,16,10,11,10,10,12,11,7,7,7,10,10,5
AGCCC,10,10,10,10,12,15,14,8,8,8,7,7,7,7,11,10,11,11,12,11,7,7,11,11,10,13,13,12
AGCCG,14,14,13,14,10,6,6,10,10,11,7,8,7,7,6,6,10,10,10,10,5,4,9,9,9,7,7,7
AGCCT,9,9,10,10,3,3,2,10,10,10,10,10,10,9,8,7,11,12,12,12,19,17,17,16,16,8,8,15
AGCG,32,30,31,30,36,37,36,34,34,34,34,34,34,34,26,25,28,29,29,29,27,23,28,28,28,21,22,29
AGCGA,4,4,8,7,10,12,12,5,5,5,10,9,10,10,6,6,5,5,5,5,6,5,7,6,6,2,2,8
AGCGC,9,9,9,9,8,9,10,8,8,8,8,8,8,8,4,4,4,6,6,6,5,5,7,7,7,5,5,6
AGCGG,12,11,5,5,13,9,8,10,10,10,11,12,11,11,10,10,11,11,11,11,10,8,10,11,10,8,9,9
AGCGT,7,6,9,9,5,7,6,11,11,11,5,5,5,5,6,5,8,7,7,7,6,4,4,4,5,6,6,6
AGCT,64,64,60,56,48,52,53,55,57,58,57,57,57,56,52,51,48,45,45,45,55,58,42,43,43,44,45,47
AGCTA,14,12,12,12,9,12,11,8,8,8,10,10,10,9,9,9,8,5,6,6,6,7,6,5,5,4,4,4
AGCTC,12,13,11,10,10,9,11,14,15,15,14,14,14,14,10,10,12,13,13,13,16,14,13,13,13,5,5,17
AGCTG,24,25,22,19,18,22,22,24,24,25,22,22,22,22,22,22,17,18,17,17,23,23,13,14,14,22,22,16
AGCTT,14,14,15,15,11,9,9,9,10,10,11,11,11,11,11,10,11,9,9,9,10,14,10,11,11,13,14,10
AGGA,91,87,96,96,104,100,104,96,99,104,101,104,103,100,93,86,86,87,86,87,88,87,88,87,89,96,88,84
AGGAA,26,24,28,27,36,37,38,27,28,29,28,28,28,28,25,23,25,26,26,27,29,31,26,26,26,36,36,24
AGGAC,16,15,20,21,18,20,21,22,23,24,18,18,18,17,19,19,12,12,12,12,19,21,20,20,20,17,15,21
AGGAG,37,36,36,36,32,28,29,35,36,38,40,43,42,40,35,30,33,33,32,32,29,24,30,30,32,31,26,26
AGGAT,12,12,12,12,18,15,16,12,12,13,15,15,15,15,14,14,16,16,16,16,11,11,12,11,11,12,11,13
AGGC,48,46,49,49,43,53,51,50,50,50,45,45,45,44,55,50,52,57,56,56,61,57,44,45,45,49,51,48
AGGCA,15,14,16,14,15,16,16,11,11,12,9,9,9,8,14,13,18,20,19,19,14,11,7,7,7,15,17,8
AGGCC,14,14,14,14,15,10,11,14,14,14,11,12,12,11,12,9,17,19,19,19,12,12,17,17,17,15,16,14
AGGCG,5,5,7,9,2,6,7,8,8,8,8,8,8,8,16,16,7,8,8,8,11,10,8,8,8,10,9,13
AGGCT,14,13,12,12,11,21,17,17,17,16,17,16,16,17,13,12,10,10,10,10,24,24,12,13,13,9,9,13
AGGG,61,60,53,54,58,47,44,50,50,50,40,43,44,40,68,66,59,60,62,62,71,65,91,85,84,70,71,77
AGGGA,18,18,19,20,29,21,20,17,17,17,13,16,16,13,21,20,15,16,17,17,24,21,29,27,27,26,26,27
AGGGC,18,18,10,10,10,6,5,11,11,11,7,7,7,7,20,19,8,9,9,9,14,15,17,15,15,13,13,12
AGGGG,15,14,15,15,7,8,9,11,11,11,12,12,13,12,19,19,21,21,22,22,20,17,26,27,26,21,21,22
AGGGT,10,10,9,9,12,12,10,11,11,11,8,8,8,8,8,8,15,14,14,14,13,12,19,16,16,10,11,16
AGGT,41,42,48,48,52,47,52,39,40,43,38,40,40,37,48,48,42,40,40,40,46,42,43,41,42,54,54,42
AGGTA,3,4,7,6,9,9,7,8,7,7,4,5,4,4,5,5,4,2,2,2,3,2,2,2,2,3,3,2
AGGTC,8,9,12,14,8,8,12,8,8,8,13,12,13,13,13,13,10,10,10,10,14,16,11,10,10,13,12,11
AGGTG,20,19,19,20,18,15,17,15,16,18,15,15,15,14,22,22,20,20,20,20,21,17,16,16,17,27,28,16
AGGTT,10,10,10,8,17,15,16,8,9,10,6,8,8,6,8,8,8,8,8,8,8,7,14,13,13,11,11,13
AGTA,22,21,23,26,21,23,28,19,19,19,23,23,22,23,15,14,13,14,13,14,9,10,18,17,17,16,15,13
AGTAA,4,3,7,7,5,5,5,0,0,0,3,3,3,3,3,2,3,3,2,3,0,1,0,0,0,3,2,1
AGTAC,7,7,4,4,5,4,8,6,6,6,4,4,3,4,4,4,4,4,4,4,7,5,5,5,4,6,6,4
AGTAG,5,5,6,7,4,5,6,5,5,5,5,5,5,5,4,4,3,3,3,3,0,0,8,7,7,3,3,4
AGTAT,6,6,6,8,7,9,9,8,8,8,11,11,11,11,4,4,3,4,4,4,2,4,5,5,6,4,4,4
AGTC,31,31,30,30,30,30,30,29,30,30,32,29,32,31,32,30,31,30,30,30,30,27,23,24,24,27,28,24
AGTCA,17,15,12,11,14,18,17,15,15,15,11,10,11,11,9,8,11,11,11,11,8,8,8,7,7,6,7,7
AGTCC,4,4,6,8,5,3,3,5,5,5,7,5,7,7,9,9,11,11,11,11,9,7,4,4,4,6,6,6
AGTCG,3,3,5,4,4,4,5,5,5,5,6,5,6,6,8,7,5,4,4,4,8,6,6,7,7,1,1,5
AGTCT,7,9,7,7,7,5,5,4,5,5,8,9,8,7,6,6,4,4,4,4,5,6,5,6,6,14,14,6
AGTG,63,64,58,57,61,56,58,75,74,72,64,65,65,62,83,79,76,76,76,76,82,79,81,86,85,79,78,87
AGTGA,12,13,13,13,20,15,18,13,13,12,20,20,20,20,18,17,14,14,14,14,22,22,20,23,22,22,22,18
AGTGC,14,14,12,11,7,8,9,18,18,18,13,14,14,11,10,9,6,6,6,6,10,9,12,13,13,12,11,13
AGTGG,24,24,23,23,23,28,26,28,27,26,12,12,12,12,41,41,42,42,42,42,32,29,36,36,36,37,37,42
AGTGT,13,13,10,10,11,5,5,16,16,16,19,19,19,19,14,12,14,14,14,14,18,19,13,14,14,8,8,14
AGTT,38,37,37,35,39,40,39,41,40,41,41,44,43,42,39,37,31,34,33,32,25,24,30,31,31,30,30,33
AGTTA,4,3,1,2,5,5,6,8,8,7,3,5,4,4,4,3,2,4,3,3,3,1,1,2,2,2,2,2
AGTTC,13,13,8,5,13,10,10,9,9,9,6,6,6,6,8,8,9,9,9,9,9,7,8,8,8,6,6,7
AGTTG,10,11,14,15,14,12,11,14,14,15,22,23,23,22,15,14,14,15,15,14,12,12,16,16,16,18,18,18
AGTTT,11,10,14,13,7,13,12,10,9,10,10,10,10,10,12,12,6,6,6,6,1,4,5,5,5,4,4,6
ATAA,14,14,20,20,38,30,32,21,21,22,21,21,21,20,14,13,12,12,13,13,15,20,18,18,18,15,14,13
ATAAA,5,5,6,6,8,4,4,4,3,3,7,7,7,7,2,2,4,4,4,4,4,5,5,5,5,6,6,4
ATAAC,2,3,6,6,13,13,12,8,9,9,6,6,6,5,5,4,4,4,4,4,5,6,6,7,7,3,3,5
ATAAG,3,2,2,2,8,5,5,7,7,8,5,5,5,5,3,3,0,0,1,1,3,5,2,2,2,2,1,2
ATAAT,4,4,6,6,9,8,11,2,2,2,3,3,3,3,4,4,4,4,4,4,3,4,5,4,4,4,4,2
ATAC,17,20,23,27,34,32,33,27,27,28,26,26,26,26,16,15,19,18,18,18,18,13,17,18,18,17,17,20
ATACA,5,6,5,6,13,13,15,10,10,10,9,9,9,9,3,3,5,5,5,5,6,5,3,5,5,7,7,5
ATACC,4,5,9,12,8,7,7,9,8,8,5,6,6,5,5,5,3,3,3,3,4,4,8,8,8,5,5,7
ATACG,2,3,5,5,7,5,5,4,5,6,4,4,4,4,2,2,4,4,4,4,3,2,1,1,1,3,3,2
ATACT,6,6,4,4,6,7,6,4,4,4,8,7,7,8,6,5,7,6,6,6,5,2,5,4,4,2,2,6
ATAG,32,31,35,35,33,34,33,22,22,22,19,20,20,18,22,21,18,18,17,18,21,27,22,22,22,26,26,24
ATAGA,7,7,5,5,15,15,13,4,4,4,3,4,4,3,4,4,5,5,5,5,9,9,9,9,9,10,10,8
ATAGC,8,8,13,12,8,4,6,5,5,5,4,4,4,4,8,7,6,6,5,6,4,5,4,3,3,5,5,5
ATAGG,11,10,11,12,7,6,6,8,8,8,5,5,5,5,6,6,2,2,2,2,3,6,1,1,1,3,3,4
ATAGT,6,6,6,6,3,9,8,5,5,5,7,7,7,6,4,4,5,5,5,5,5,7,8,9,9,8,8,7
ATAT,14,12,14,16,18,16,22,13,14,14,15,16,16,15,11,11,12,12,12,13,10,11,8,8,8,11,12,10
ATATA,0,0,0,1,5,5,5,0,0,0,1,1,1,1,2,2,2,2,2,2,2,2,1,2,2,1,2,3
ATATC,9,7,3,4,5,4,3,3,3,3,5,5,5,5,1,1,3,3,3,3,2,2,2,2,2,3,3,2
ATATG,3,3,8,8,6,5,10,7,7,7,5,5,5,5,5,5,3,3,3,4,3,3,3,3,3,6,6,4
ATATT,2,2,3,3,2,2,4,3,4,4,4,5,5,4,3,3,4,4,4,4,3,4,2,1,1,1,1,1
ATCA,58,57,48,47,31,34,37,56,58,58,60,60,60,60,40,40,42,45,44,44,36,37,30,29,29,36,36,32
ATCAA,15,15,14,12,2,7,7,10,11,12,12,12,12,12,9,9,10,11,10,10,12,12,9,9,9,6,6,9
ATCAC,23,23,17,18,8,9,10,17,16,17,20,20,20,20,12,12,11,12,12,12,6,7,7,7,7,8,7,7
ATCAG,11,11,8,8,11,11,12,14,15,13,8,8,8,8,9,9,10,10,10,10,10,11,6,5,5,14,15,7
ATCAT,9,8,9,9,10,7,8,15,16,16,20,20,20,20,10,10,11,12,12,12,8,7,8,8,8,8,8,9
ATCC,31,30,30,29,22,27,28,27,26,26,24,24,24,24,41,40,38,37,38,39,26,24,33,35,35,22,22,28
ATCCA,14,14,12,11,11,11,14,10,10,9,13,13,13,13,17,16,15,15,15,15,6,5,10,10,10,5,5,7
ATCCC,7,7,4,4,3,4,5,5,5,5,5,5,5,5,8,8,8,8,8,8,7,6,8,11,11,7,8,8
ATCCG,4,4,4,4,1,2,1,5,5,5,2,2,2,2,6,6,5,5,5,5,4,4,5,5,5,4,4,6
ATCCT,6,5,10,10,7,10,8,7,6,7,4,4,4,4,10,10,10,9,10,11,9,9,10,9,9,6,5,7
ATCG,32,33,28,28,10,12,7,19,18,18,17,17,17,16,17,17,18,17,17,17,8,9,13,12,12,17,17,16
ATCGA,4,4,9,9,4,5,2,3,3,3,3,3,3,3,4,4,2,1,1,1,3,3,5,4,4,2,2,6
ATCGC,9,9,6,6,1,2,1,4,4,4,4,4,4,3,5,5,5,5,5,5,1,0,3,4,4,4,4,1
ATCGG,6,6,3,3,3,1,0,6,5,6,4,4,4,4,5,5,6,6,6,6,2,3,4,3,3,7,7,4
ATCGT,13,14,10,10,2,4,4,6,6,5,6,6,6,6,3,3,5,5,5,5,2,3,1,1,1,4,4,5
ATCT,29,27,27,26,27,23,25,27,27,29,33,33,34,33,32,31,35,35,34,34,22,24,24,23,23,31,31,26
ATCTA,4,3,6,5,2,1,1,4,4,4,4,4,4,4,7,7,6,6,6,6,2,2,4,4,4,4,4,5
ATCTC,5,5,8,7,8,6,4,4,4,4,11,10,10,11,4,4,5,5,5,5,6,6,4,4,4,6,7,3
ATCTG,14,13,7,7,10,11,12,11,11,11,13,12,13,13,13,13,17,16,16,15,8,10,12,12,12,12,11,11
ATCTT,5,5,5,6,7,5,8,8,8,9,5,7,7,5,8,7,7,8,7,8,6,6,4,3,3,9,9,7
ATGA,62,62,61,62,68,64,66,65,63,64,65,65,65,65,59,59,51,51,50,51,70,66,65,64,64,61,62,71
ATGAA,14,14,16,15,14,13,13,16,16,16,14,14,14,14,12,12,16,16,16,16,13,11,16,17,17,14,15,15
ATGAC,20,20,21,21,21,19,21,17,15,15,18,18,18,18,18,18,16,15,15,15,17,16,17,17,17,16,16,20
ATGAG,18,18,14,15,17,18,19,14,14,14,17,17,17,17,18,18,9,10,9,10,23,23,17,15,15,17,17,21
ATGAT,10,10,10,11,16,14,13,18,18,19,16,16,16,16,11,11,10,10,10,10,17,16,15,15,15,14,14,15
ATGC,47,47,47,45,47,48,50,43,44,44,46,46,46,46,41,41,41,44,44,44,48,50,52,52,52,46,46,47
ATGCA,10,10,13,11,16,18,17,14,14,14,12,12,12,12,12,12,9,9,9,9,14,14,11,11,11,16,16,13
ATGCC,15,14,10,10,8,10,10,12,12,12,16,16,16,16,10,10,11,12,12,12,17,17,16,16,16,11,11,13
ATGCG,7,8,5,5,6,5,8,2,3,3,4,4,4,4,3,3,6,6,6,6,6,7,12,12,12,6,6,8
ATGCT,15,15,19,19,17,15,15,15,15,15,14,14,14,14,16,16,15,17,17,17,11,12,13,13,13,13,13,13
ATGG,87,89,89,90,107,108,107,92,93,93,97,99,99,98,109,108,115,115,116,114,99,95,98,98,98,101,102,96
ATGGA,42,42,40,40,36,43,43,38,39,38,45,46,46,46,38,38,41,41,41,41,36,36,34,34,34,32,33,34
ATGGC,14,14,20,20,25,23,23,21,21,21,21,21,21,21,23,23,29,29,30,28,15,14,21,21,21,18,19,18
ATGGG,17,19,18,19,30,26,25,16,16,17,19,19,19,19,24,24,30,30,30,30,28,28,23,23,23,28,28,23
ATGGT,14,14,11,11,16,16,16,17,17,17,12,13,13,12,24,23,15,15,15,15,20,17,20,20,20,23,22,21
ATGT,47,48,52,51,52,54,53,55,55,55,49,49,49,49,52,52,54,53,53,53,44,39,43,43,43,49,49,40
ATGTA,6,8,10,9,8,5,6,10,10,10,4,4,4,4,3,3,3,4,4,4,3,1,4,4,4,6,6,1
ATGTC,13,14,11,10,9,10,11,13,13,13,15,15,15,15,9,9,8,8,8,8,9,9,12,13,13,9,9,14
ATGTG,20,19,25,25,24,28,25,11,11,11,18,18,18,18,26,26,31,31,31,31,24,22,20,19,19,22,22,19
ATGTT,8,7,6,7,11,11,11,21,21,21,12,12,12,12,14,14,12,10,10,10,8,7,7,7,7,12,12,6
ATTA,16,17,16,18,37,32,33,13,13,14,23,23,23,23,5,5,14,12,13,12,14,8,8,10,10,8,7,11
ATTAA,2,2,1,3,10,8,7,6,6,6,5,5,5,5,0,0,4,3,4,3,5,2,1,1,1,2,2,3
ATTAC,4,4,4,4,12,9,10,1,1,1,10,10,10,10,2,2,7,7,7,7,4,2,4,4,4,3,3,3
ATTAG,4,4,4,4,3,4,4,3,3,4,3,3,3,3,0,0,2,1,1,1,3,3,1,2,2,2,1,0
ATTAT,6,7,7,7,12,11,12,3,3,3,5,5,5,5,3,3,1,1,1,1,2,1,2,3,3,1,1,5
ATTC,32,33,26,27,30,26,24,28,30,29,27,28,27,28,26,26,23,26,24,23,25,22,23,25,25,21,21,22
ATTCA,9,9,5,6,8,9,7,6,6,6,7,7,7,7,6,6,5,5,4,4,8,8,6,7,7,4,4,7
ATTCC,6,6,10,9,7,5,4,8,8,9,7,7,7,7,9,9,8,8,8,8,6,4,7,7,7,10,10,5
ATTCG,4,4,3,4,5,6,6,3,3,3,3,4,3,3,4,4,2,2,2,2,3,2,3,3,3,2,2,5
ATTCT,13,14,8,8,10,6,7,11,13,11,10,10,10,11,7,7,8,11,10,9,8,8,7,8,8,5,5,5
ATTG,38,37,49,47,52,56,60,57,57,60,58,60,59,58,45,44,45,45,45,46,34,35,44,45,46,42,42,33
ATTGA,15,15,16,16,20,18,22,13,13,14,21,22,22,21,12,12,14,15,15,16,8,8,10,11,11,10,10,10
ATTGC,4,5,10,9,6,7,7,6,6,6,9,9,9,9,4,4,3,3,3,3,5,5,7,7,8,6,6,7
ATTGG,11,10,15,14,15,19,18,25,25,25,18,18,18,18,21,20,22,21,21,21,13,12,11,12,12,19,19,8
ATTGT,8,7,8,8,11,12,13,13,13,15,10,11,10,10,8,8,6,6,6,6,8,10,16,15,15,7,7,8
ATTT,20,20,22,23,41,41,41,28,28,28,22,22,22,22,23,20,25,23,25,24,20,16,15,15,15,20,21,17
ATTTA,3,3,2,1,4,2,3,6,6,6,3,3,3,3,0,0,2,2,2,2,1,1,3,3,3,2,2,0
ATTTC,5,5,5,7,6,7,8,5,5,6,1,2,2,1,4,3,2,2,2,2,4,5,3,3,3,7,7,4
ATTTG,7,7,12,12,16,18,16,8,8,8,9,9,9,9,7,7,11,9,10,11,9,7,4,4,4,6,7,3
ATTTT,5,5,3,3,15,14,14,9,9,8,9,8,8,9,12,10,10,10,11,9,6,3,5,5,5,5,5,10
CAAA,61,63,65,66,60,66,63,69,70,71,59,62,62,58,60,58,48,49,49,48,58,57,56,54,54,42,42,55
CAAAA,18,18,21,23,21,18,19,18,18,19,18,21,21,19,19,18,17,18,18,18,25,24,25,23,23,13,14,27
CAAAC,14,15,14,12,12,10,10,15,15,15,9,9,9,9,12,12,10,10,10,10,6,7,8,8,8,7,7,9
CAAAG,18,19,19,20,17,24,22,26,27,27,22,22,22,20,21,20,17,17,17,16,20,17,14,15,15,12,11,13
CAAAT,11,11,11,11,10,14,12,10,10,10,10,10,10,10,8,8,4,4,4,4,7,9,9,8,8,10,10,6
CAAC,63,66,58,58,48,51,45,68,68,71,60,62,61,60,33,33,47,47,48,48,49,46,49,47,48,44,45,47
CAACA,19,19,15,16,18,19,15,21,21,22,22,22,22,22,12,12,18,17,17,17,17,14,18,18,18,19,20,16
CAACC,16,16,14,13,11,12,10,17,17,19,17,17,17,17,9,9,9,9,9,9,15,12,12,12,13,12,12,15
CAACG,16,19,19,19,6,8,9,16,16,16,12,13,12,12,7,7,16,16,17,17,9,10,8,6,6,6,6,7
CAACT,12,12,10,10,13,12,11,14,14,14,9,10,10,9,5,5,4,5,5,5,8,10,11,11,11,7,7,9
CAAG,61,64,59,56,39,43,44,53,52,55,51,52,52,51,50,49,52,52,53,51,48,44,40,43,43,45,47,43
CAAGA,18,20,18,17,17,17,21,18,18,18,20,20,20,20,12,12,14,14,14,14,19,20,18,20,20,17,19,16
CAAGC,17,19,16,16,4,4,4,9,8,10,13,13,13,13,10,10,13,13,13,13,5,4,4,4,4,5,5,4
CAAGG,11,12,16,14,15,16,14,18,18,19,10,11,11,10,21,20,15,15,16,14,18,16,14,15,15,19,18,16
CAAGT,15,13,9,9,3,6,5,8,8,8,8,8,8,8,7,7,10,10,10,10,6,4,4,4,4,4,5,7
CAAT,42,40,36,35,48,45,46,42,41,41,36,35,36,36,33,33,39,43,41,42,40,34,40,39,39,34,34,36
CAATA,8,8,7,8,8,8,13,6,6,6,7,7,7,7,3,3,10,10,10,10,5,4,3,3,3,6,5,5
CAATC,13,13,9,9,7,7,9,9,9,8,9,9,9,9,10,9,9,10,9,10,3,6,11,11,11,6,6,9
CAATG,16,15,16,16,18,20,15,18,17,18,12,11,12,12,19,20,16,20,18,19,24,18,22,21,21,20,21,18
CAATT,5,4,4,2,15,10,9,9,9,9,8,8,8,8,1,1,4,3,4,3,8,6,4,4,4,2,2,4
CACA,61,61,67,64,43,44,43,50,50,54,60,60,61,60,63,61,58,58,59,57,59,58,67,64,64,62,62,58
CACAA,20,22,22,21,15,16,15,18,17,19,17,17,17,17,16,16,13,13,13,13,10,11,12,11,11,10,9,8
CACAC,14,13,14,12,7,9,8,7,7,7,17,17,18,17,11,10,14,14,14,14,15,18,17,14,14,13,13,14
CACAG,15,15,21,23,15,15,16,19,20,22,17,17,17,17,24,23,20,20,20,19,27,22,31,30,30,32,33,29
CACAT,12,11,10,8,6,4,4,6,6,6,9,9,9,9,12,12,11,11,12,11,7,7,7,8,9,7,7,7
CACC,52,54,53,48,28,24,25,60,60,61,58,61,61,59,47,42,45,46,46,46,49,41,51,49,50,41,39,51
CACCA,22,23,25,22,12,10,11,27,27,28,27,28,28,27,21,17,20,20,20,20,10,8,18,18,18,15,15,18
CACCC,10,11,10,10,8,3,4,14,14,14,9,9,9,9,11,10,6,7,7,7,10,6,12,12,13,8,7,11
CACCG,10,10,12,10,1,1,3,11,11,11,9,10,10,10,5,5,8,9,8,8,14,11,8,7,7,9,9,10
CACCT,10,10,6,6,7,10,7,8,8,8,13,14,14,13,10,10,11,10,11,11,15,16,13,12,12,9,8,12
CACG,38,38,36,37,24,21,19,40,39,37,31,33,33,30,38,36,30,30,29,29,42,35,37,35,35,30,30,40
CACGA,10,9,12,12,7,6,4,9,9,8,11,11,11,11,5,5,7,7,7,7,7,5,9,9,9,8,8,7
CACGC,8,9,8,9,5,2,2,8,8,8,9,9,9,8,9,9,6,7,6,6,10,8,6,6,6,6,6,11
CACGG,14,15,13,12,10,9,10,14,13,12,6,8,8,6,15,14,9,9,9,9,17,18,13,12,12,13,13,17
CACGT,6,5,3,4,2,4,3,9,9,9,5,5,5,5,9,8,8,7,7,7,8,4,9,8,8,3,3,5
CACT,54,53,52,50,36,44,42,53,53,53,49,48,48,47,37,36,36,36,36,36,38,45,42,42,42,43,44,49
CACTA,9,9,10,10,6,9,9,11,11,11,9,9,9,9,2,2,3,3,3,3,4,7,7,6,6,8,8,7
CACTC,13,12,10,9,7,7,9,13,13,14,11,11,11,10,8,7,7,7,7,7,6,9,9,9,9,8,9,9
CACTG,22,22,18,16,13,14,13,15,15,15,21,20,20,20,14,14,14,13,14,14,20,22,21,22,22,19,19,27
CACTT,10,10,14,15,10,14,11,14,14,13,8,8,8,8,13,13,12,13,12,12,8,7,5,5,5,8,8,6
CAGA,63,63,71,71,71,79,82,62,63,63,81,81,81,80,75,74,84,84,84,84,76,70,78,79,80,82,79,84
CAGAA,20,20,25,25,22,27,24,13,13,13,29,30,30,29,21,21,23,23,23,23,20,17,15,16,16,19,18,17
CAGAC,8,8,5,5,10,14,13,15,15,15,17,17,17,17,16,16,21,20,20,20,14,10,18,17,18,17,16,19
CAGAG,23,23,26,26,23,24,28,23,24,24,26,25,25,25,27,27,29,30,30,30,24,26,33,33,33,32,32,35
CAGAT,12,12,15,15,16,14,17,11,11,11,9,9,9,9,11,10,11,11,11,11,18,17,12,13,13,14,13,13
CAGC,66,65,56,54,50,60,56,62,63,64,54,55,55,54,45,42,48,47,48,48,61,55,55,55,55,49,51,55
CAGCA,22,21,17,17,13,17,14,20,20,21,15,16,16,15,14,13,16,16,16,17,21,18,20,20,21,20,21,17
CAGCC,13,13,14,15,13,12,11,18,18,18,9,9,8,9,8,8,10,12,11,11,16,16,14,14,13,11,11,14
CAGCG,11,10,10,10,13,16,15,9,9,9,12,11,12,12,11,10,10,10,11,11,13,10,10,11,11,5,6,14
CAGCT,20,21,15,12,11,15,16,15,16,16,18,19,19,18,12,11,12,9,10,9,11,11,11,10,10,13,13,10
CAGG,62,61,63,64,72,71,70,63,62,64,53,54,54,52,69,66,63,63,64,65,62,58,69,67,67,62,60,61
CAGGA,28,27,32,33,25,25,26,29,28,30,24,24,24,24,27,25,23,24,23,24,20,17,26,25,25,23,21,25
CAGGC,12,11,11,11,13,14,13,14,14,14,11,11,11,11,13,12,15,14,14,14,14,15,6,6,6,13,12,7
CAGGG,15,16,13,13,14,13,13,13,13,13,10,11,11,10,19,19,18,17,19,19,18,18,25,23,23,19,19,18
CAGGT,7,7,7,7,20,19,18,7,7,7,8,8,8,7,10,10,7,8,8,8,10,8,12,13,13,7,8,11
CAGT,48,47,44,46,41,40,43,42,43,42,39,39,39,38,56,52,40,42,42,41,39,37,41,40,40,56,54,45
CAGTA,8,7,9,10,5,6,7,4,4,4,7,7,7,7,10,10,4,4,4,4,2,4,5,4,4,8,6,3
CAGTC,6,8,7,8,10,8,9,6,6,6,9,7,9,8,10,9,3,3,3,3,9,6,5,4,4,14,14,5
CAGTG,20,19,19,20,16,16,16,22,23,22,13,14,13,13,25,22,25,25,25,25,28,24,26,26,26,29,29,29
CAGTT,14,13,9,8,10,10,11,10,10,10,10,11,10,10,11,11,8,10,10,9,0,3,5,6,6,5,5,8
CATA,36,36,34,34,35,33,31,24,25,27,23,24,24,22,24,23,19,19,18,20,26,27,30,31,31,24,23,29
CATAA,9,9,7,6,13,7,8,6,7,8,6,6,6,5,5,4,5,5,5,5,6,7,8,8,8,5,5,4
CATAC,6,7,6,8,11,11,10,7,7,7,9,9,9,9,5,5,2,2,2,2,2,3,6,5,5,6,6,7
CATAG,19,18,18,17,7,9,7,7,7,7,5,5,5,5,10,10,8,8,7,8,13,14,13,14,14,12,11,14
CATAT,2,2,3,3,4,6,6,4,4,5,3,4,4,3,4,4,4,4,4,5,5,3,3,4,4,1,1,4
CATC,58,57,55,55,27,28,35,62,62,64,60,59,59,59,64,63,58,55,55,55,41,43,33,34,34,44,45,31
CATCA,24,24,16,16,11,13,13,26,27,29,33,32,32,33,17,17,16,16,16,15,18,18,10,10,10,17,18,11
CATCC,12,13,14,13,4,4,7,11,10,11,7,7,7,7,24,23,13,12,13,14,11,11,11,12,12,9,9,8
CATCG,13,12,12,13,3,3,2,9,9,8,7,7,7,6,10,10,11,10,10,10,2,4,4,4,4,6,6,2
CATCT,9,8,13,13,9,8,13,16,16,16,13,13,13,13,13,13,18,17,16,16,10,10,8,8,8,12,12,10
CATG,65,64,71,69,81,84,81,65,64,66,75,75,75,75,83,83,92,93,94,92,78,79,76,77,77,83,86,74
CATGA,20,19,18,18,21,23,22,16,15,16,19,19,19,19,20,20,18,18,18,17,26,24,20,20,20,23,24,25
CATGC,18,18,18,15,19,17,14,13,13,13,21,21,21,21,15,15,19,20,20,20,13,12,17,17,17,14,14,13
CATGG,16,17,22,22,32,31,32,21,21,22,27,27,27,27,36,36,40,40,41,40,31,33,30,31,31,34,36,28
CATGT,11,10,13,14,9,13,13,15,15,15,8,8,8,8,12,12,15,15,15,15,8,10,9,9,9,12,12,8
CATT,38,39,36,34,44,49,43,38,39,40,34,34,34,35,40,40,43,46,46,46,35,33,43,47,47,40,40,30
CATTA,3,3,4,5,12,12,9,3,3,3,3,3,3,3,1,1,3,3,3,4,5,3,2,3,3,2,1,3
CATTC,9,9,7,6,8,6,6,8,10,8,6,6,6,7,10,10,10,12,11,10,11,11,10,11,11,7,7,7
CATTG,16,17,17,14,14,15,16,22,21,23,19,19,19,19,22,22,22,23,23,23,12,12,26,27,27,20,20,14
CATTT,10,10,8,9,10,16,12,5,5,6,6,6,6,6,7,7,8,8,9,9,7,7,5,6,6,11,12,6
CCAA,56,57,53,55,43,43,40,56,56,59,49,54,53,49,44,43,42,45,44,44,43,42,48,46,46,40,41,46
CCAAA,17,17,13,16,14,15,13,15,15,15,11,14,13,11,15,14,11,12,12,12,11,11,15,14,14,5,5,13
CCAAC,12,14,11,12,14,11,10,15,15,16,16,17,17,16,8,8,13,14,14,14,16,16,17,16,16,13,13,14
CCAAG,15,15,19,17,8,11,10,16,17,18,15,16,16,15,11,11,6,7,7,7,10,11,7,7,7,16,17,12
CCAAT,12,11,10,10,7,6,7,10,9,10,7,7,7,7,10,10,12,12,11,11,6,4,9,9,9,6,6,7
CCAC,56,58,55,53,31,30,28,63,63,65,56,56,56,54,40,39,31,33,32,31,39,36,48,45,47,36,36,47
CCACA,13,15,16,16,7,12,13,17,18,20,16,16,16,16,12,13,10,10,10,9,14,13,17,16,17,12,13,16
CCACC,17,17,14,13,7,4,4,19,19,19,12,13,13,13,14,12,10,11,10,10,12,9,11,10,11,6,6,9
CCACG,11,12,12,11,9,3,3,13,12,12,12,12,12,11,7,7,2,4,3,3,6,6,8,8,8,8,7,10
CCACT,15,14,13,13,8,11,8,14,14,14,16,15,15,14,7,7,9,8,9,9,7,8,12,11,11,10,10,12
CCAG,57,56,58,57,65,71,72,68,67,69,64,65,65,63,71,66,59,60,60,60,49,43,57,56,56,56,54,53
CCAGA,13,12,16,16,16,20,22,17,17,17,23,23,23,23,28,28,27,27,27,27,21,17,26,25,25,24,23,26
CCAGC,13,14,12,11,12,16,15,14,14,15,10,10,10,10,8,8,9,8,8,8,8,6,5,5,5,7,7,5
CCAGG,17,18,18,18,22,19,18,29,28,29,21,22,22,20,22,19,19,20,20,20,12,13,18,18,18,16,15,15
CCAGT,14,12,12,12,15,16,17,8,8,8,10,10,10,10,13,11,4,5,5,5,8,7,8,8,8,9,9,7
CCAT,54,53,53,54,48,41,43,51,51,53,58,56,57,58,75,74,61,63,63,64,45,50,57,59,59,43,45,43
CCATA,13,12,10,10,9,7,7,7,8,8,5,5,5,4,6,6,6,6,6,7,5,9,9,10,10,6,6,7
CCATC,18,18,14,15,9,5,8,19,19,18,21,19,20,21,20,19,16,14,15,14,6,6,11,11,11,9,10,10
CCATG,13,13,17,17,19,19,18,13,12,14,20,20,20,20,33,33,26,26,26,26,20,24,25,25,25,21,23,20
CCATT,10,10,12,12,11,10,10,12,12,13,12,12,12,13,16,16,13,17,16,17,14,11,12,13,13,7,6,6
CCCA,40,40,40,41,36,39,39,42,41,43,43,44,44,41,39,37,29,28,28,28,38,33,44,44,45,32,33,32
CCCAA,12,13,12,13,9,6,6,9,8,10,8,9,9,8,10,10,7,7,7,7,4,4,8,8,8,5,5,7
CCCAC,13,13,10,10,5,4,4,9,9,9,11,11,11,10,5,5,5,5,5,5,10,11,13,12,13,13,13,10
CCCAG,11,10,12,12,12,21,21,18,18,18,16,16,16,15,14,12,12,11,11,11,16,11,12,12,12,9,8,10
CCCAT,4,4,6,6,10,8,8,6,6,6,8,8,8,8,10,10,5,5,5,5,8,7,11,12,12,5,7,5
CCCC,36,38,34,32,14,15,14,38,38,41,24,25,25,21,28,24,27,27,27,27,40,30,33,34,33,25,25,29
CCCCA,12,12,8,9,7,7,7,14,13,14,12,11,11,9,12,11,9,9,9,9,11,10,11,11,11,4,4,6
CCCCC,7,9,6,6,0,0,0,9,9,10,3,3,3,3,7,5,3,3,3,3,15,8,10,11,10,7,7,9
CCCCG,9,9,9,7,4,5,4,7,7,9,5,7,7,5,3,2,6,6,6,6,6,5,6,6,6,7,7,9
CCCCT,8,8,11,10,3,3,3,8,8,8,4,4,4,4,6,6,9,9,9,9,8,7,6,6,6,7,7,5
CCCG,24,24,21,19,15,14,15,22,22,24,20,22,22,20,21,18,25,26,25,25,22,19,28,29,29,30,31,29
CCCGA,11,11,5,4,5,5,6,4,4,4,1,1,1,1,12,10,15,16,15,15,7,5,7,7,7,4,4,6
CCCGC,5,5,7,7,2,3,3,4,4,5,6,7,7,6,2,1,3,3,3,3,1,0,5,6,6,9,9,5
CCCGG,4,4,4,4,5,3,3,10,10,10,9,9,9,9,3,3,0,0,0,0,9,9,10,10,10,11,12,10
CCCGT,4,4,5,4,3,3,3,4,4,5,4,5,5,4,4,4,7,7,7,7,5,5,6,6,6,6,6,8
CCCT,38,38,39,39,27,18,22,32,32,32,34,35,35,33,38,35,41,41,41,41,35,33,35,35,35,29,28,36
CCCTA,1,1,6,6,8,2,2,2,2,2,4,4,4,4,6,6,6,7,7,7,5,5,1,1,1,5,5,3
CCCTC,13,13,9,9,2,4,4,13,13,14,10,10,10,10,10,9,9,8,8,8,7,7,10,10,10,9,8,12
CCCTG,15,16,12,12,11,8,12,9,9,9,10,11,11,9,12,10,16,16,16,16,12,10,17,17,17,6,6,13
CCCTT,9,8,12,12,6,4,4,8,8,7,10,10,10,10,10,10,10,10,10,10,11,11,7,7,7,9,9,8
CCGA,29,30,23,23,19,19,21,18,18,20,14,15,15,15,22,20,29,29,29,29,19,16,20,21,21,18,19,24
CCGAA,7,8,6,5,8,6,7,3,3,5,2,3,3,3,4,4,2,2,2,2,6,6,4,4,4,5,6,5
CCGAC,6,6,8,8,2,5,4,5,5,5,6,6,6,6,7,6,10,10,10,10,5,3,7,8,8,5,5,10
CCGAG,11,11,5,6,5,4,5,4,4,4,4,4,4,4,9,8,11,11,11,11,7,7,9,9,9,5,6,9
CCGAT,5,5,4,4,4,4,5,6,6,6,2,2,2,2,2,2,6,6,6,6,1,0,0,0,0,3,2,0
CCGC,24,24,28,28,9,12,11,19,19,19,27,30,29,27,22,19,19,20,20,20,15,13,20,19,19,21,21,20
CCGCA,8,8,9,10,1,2,0,9,9,10,4,6,5,4,7,6,10,11,11,11,5,4,6,7,6,7,7,9
CCGCC,5,5,8,7,2,3,2,3,3,3,7,7,7,7,7,6,3,3,3,3,2,2,4,4,4,5,5,4
CCGCG,2,2,4,5,4,2,2,4,4,4,9,10,10,9,2,2,4,4,4,4,4,4,4,4,5,6,6,3
CCGCT,9,9,7,6,2,5,7,3,3,2,7,7,7,7,6,5,2,2,2,2,4,3,6,4,4,3,3,4
CCGG,25,26,21,20,23,17,16,34,34,34,28,28,28,28,31,31,25,27,25,25,44,42,38,38,37,38,39,34
CCGGA,15,15,9,10,11,7,7,14,14,14,13,13,13,13,13,13,12,13,12,12,16,18,9,9,9,14,15,9
CCGGC,2,3,4,4,5,4,4,11,11,11,4,4,4,4,7,7,1,1,1,1,12,9,12,12,11,11,11,9
CCGGG,6,6,5,3,4,2,2,5,5,5,7,7,7,7,8,8,7,8,7,7,9,8,11,11,11,4,4,10
CCGGT,2,2,3,3,3,4,3,4,4,4,4,4,4,4,3,3,5,5,5,5,7,7,6,6,6,9,9,6
CCGT,27,27,30,30,13,14,12,23,23,24,24,24,25,24,15,14,25,25,25,25,19,21,24,25,26,20,20,26
CCGTA,1,1,1,1,2,1,1,4,4,4,3,3,3,3,4,4,5,6,6,6,5,5,6,6,6,3,3,4
CCGTC,9,9,5,5,4,4,4,3,3,3,5,5,5,5,2,2,4,4,4,4,5,7,4,4,5,6,6,8
CCGTG,13,13,13,13,5,7,5,8,8,8,10,11,11,10,7,7,7,7,7,7,6,6,13,14,14,8,8,11
CCGTT,4,4,11,11,2,2,2,8,8,9,6,5,6,6,2,1,9,8,8,8,3,3,1,1,1,3,3,3
CCTA,21,21,28,28,28,20,21,23,23,24,20,19,20,20,16,15,22,23,23,23,20,18,16,16,16,31,29,20
CCTAA,5,5,3,2,5,4,3,2,2,2,5,6,5,5,2,2,5,5,5,5,4,3,2,2,2,4,4,3
CCTAC,5,5,8,9,11,8,6,10,10,10,2,2,2,2,7,7,10,9,9,9,8,8,7,8,8,12,10,11
CCTAG,7,7,8,9,6,2,4,5,5,6,8,7,8,8,3,3,5,6,6,6,1,1,2,2,2,6,6,1
CCTAT,4,4,9,8,6,6,8,6,6,6,5,4,5,5,4,3,2,3,3,3,7,6,5,4,4,9,9,5
CCTC,29,28,32,34,21,23,23,27,26,28,28,27,28,28,26,23,27,26,27,27,29,26,40,41,41,37,34,43
CCTCA,18,17,16,15,10,9,8,7,6,7,14,13,14,14,10,9,16,16,16,16,9,9,15,16,16,13,11,19
CCTCC,4,5,9,9,6,8,7,7,7,9,3,3,3,3,6,5,5,5,6,6,10,8,7,7,7,11,11,10
CCTCG,5,5,5,8,0,1,1,4,4,4,8,8,8,8,3,2,3,3,3,3,6,6,11,10,10,7,6,8
CCTCT,2,1,2,2,5,5,7,9,9,8,3,3,3,3,7,7,3,2,2,2,4,3,7,8,8,6,6,6
CCTG,47,49,51,49,36,31,30,58,58,59,55,58,57,54,53,49,53,53,54,55,70,66,80,82,82,44,44,75
CCTGA,6,8,12,12,11,10,9,18,18,18,15,16,16,15,16,14,13,13,13,14,17,16,15,16,16,12,11,14
CCTGC,11,11,14,14,9,5,4,16,15,16,12,12,12,12,7,7,12,12,12,12,12,9,11,13,13,8,8,9
CCTGG,23,23,20,18,11,13,10,22,22,23,20,22,21,19,23,21,16,17,17,17,32,31,38,37,37,21,22,41
CCTGT,7,7,5,5,5,3,7,2,3,2,8,8,8,8,7,7,12,11,12,12,9,10,16,16,16,3,3,11
CCTT,33,31,35,35,20,23,23,36,36,35,35,35,35,35,45,44,38,38,38,38,41,39,34,33,33,39,38,39
CCTTA,7,7,1,2,0,3,3,5,5,5,3,3,3,3,4,4,3,3,3,3,3,2,2,1,1,5,5,1
CCTTC,10,10,20,20,5,3,3,10,10,9,10,10,10,10,7,6,9,9,9,9,9,8,11,10,10,12,11,14
CCTTG,5,4,8,7,8,11,10,16,16,16,9,9,9,9,23,23,16,16,16,16,20,20,11,11,11,9,9,14
CCTTT,11,10,6,6,7,6,7,5,5,5,13,13,13,13,11,11,10,10,10,10,9,9,10,11,11,13,13,10
CGAA,32,33,32,32,22,19,19,22,23,25,28,29,29,29,15,14,17,15,15,15,21,18,16,18,18,22,22,18
CGAAA,8,6,10,9,4,3,3,7,7,8,5,6,6,6,3,3,9,8,8,8,5,4,6,7,7,4,4,5
CGAAC,5,6,4,5,5,5,7,5,6,6,8,8,8,8,5,4,1,1,1,1,5,4,6,6,6,8,8,5
CGAAG,12,14,9,9,10,9,6,9,9,10,12,12,12,12,7,7,4,4,4,4,5,4,1,2,2,6,7,4
CGAAT,7,7,9,9,3,2,3,1,1,1,3,3,3,3,0,0,3,2,2,2,6,6,3,3,3,4,3,4
CGAC,28,24,19,21,13,22,20,21,20,21,25,25,25,25,21,20,27,27,27,27,20,16,26,25,25,22,22,25
CGACA,8,8,7,8,1,8,8,6,6,6,9,9,9,9,9,9,12,11,11,11,4,4,6,6,6,8,8,7
CGACC,7,6,4,4,2,5,3,8,7,8,4,4,4,4,5,5,6,6,6,6,3,5,7,6,6,2,2,6
CGACG,6,3,3,2,7,3,3,2,2,2,6,6,6,6,5,4,5,6,6,6,10,3,6,7,7,5,5,6
CGACT,7,7,5,7,3,6,6,5,5,5,6,6,6,6,2,2,4,4,4,4,3,4,7,6,6,7,7,6
CGAG,33,32,33,33,29,28,26,20,21,20,22,23,22,22,28,27,33,31,31,31,36,33,31,29,29,25,23,31
CGAGA,14,15,11,11,4,5,5,7,7,7,8,8,8,8,7,7,9,9,9,9,12,11,8,8,8,8,7,7
CGAGC,8,6,7,8,6,6,5,3,4,3,7,8,7,7,3,2,9,8,8,8,6,5,1,1,1,4,4,2
CGAGG,6,6,11,10,12,11,9,6,6,6,5,5,5,5,12,12,9,8,8,8,14,12,13,11,11,7,6,13
CGAGT,5,5,4,4,7,6,7,4,4,4,2,2,2,2,6,6,6,6,6,6,4,5,9,9,9,6,6,9
CGAT,18,20,20,19,13,16,17,20,20,20,24,24,24,23,13,13,12,11,11,11,10,12,11,12,12,14,13,12
CGATA,3,3,4,4,4,3,3,3,3,3,6,6,6,5,4,4,0,0,0,0,1,1,1,1,1,2,2,1
CGATC,4,4,6,5,2,4,4,8,8,8,3,3,3,3,1,1,2,2,2,2,2,2,0,1,1,4,4,3
CGATG,6,8,4,4,5,4,5,6,6,6,10,10,10,10,7,7,9,8,8,8,4,6,7,7,7,7,6,6
CGATT,5,5,6,6,2,5,5,3,3,3,5,5,5,5,1,1,1,1,1,1,3,3,3,3,3,1,1,2
CGCA,30,32,27,30,11,12,10,27,27,28,23,24,24,23,35,34,39,38,39,39,31,28,26,26,26,27,27,32
CGCAA,6,7,5,5,5,4,3,8,7,8,7,7,7,7,3,3,3,3,3,3,6,6,7,6,6,3,3,7
CGCAC,6,6,8,8,0,0,0,6,6,6,3,3,3,3,10,10,10,9,10,10,12,8,8,9,8,9,8,13
CGCAG,8,9,6,8,4,6,4,9,10,9,7,8,8,7,10,9,16,16,16,16,6,7,6,6,6,8,8,6
CGCAT,10,10,8,9,2,2,3,4,4,5,6,6,6,6,12,12,10,10,10,10,7,7,5,5,5,7,8,6
CGCC,26,26,28,27,14,11,10,17,17,17,27,27,27,26,29,28,19,19,20,20,16,14,24,23,24,21,21,22
CGCCA,9,10,9,11,5,6,5,7,7,7,8,8,8,8,11,11,8,8,9,9,8,7,10,10,11,10,10,10
CGCCC,8,7,6,6,1,1,1,1,1,1,7,7,7,6,8,8,4,4,4,4,3,1,3,3,3,2,2,3
CGCCG,4,4,8,7,5,2,2,4,4,4,7,7,7,7,6,6,4,4,4,4,0,1,6,5,5,3,3,5
CGCCT,5,5,5,3,3,2,2,5,5,5,5,5,5,5,4,3,3,3,3,3,5,5,5,5,5,6,6,4
CGCG,22,21,17,17,15,10,11,12,12,12,20,21,21,19,10,10,13,13,13,13,14,14,16,17,18,15,15,17
CGCGA,11,9,5,5,3,3,2,6,6,6,6,6,6,6,4,4,6,5,5,5,5,4,4,4,4,5,5,3
CGCGC,1,2,0,0,2,0,1,1,1,1,3,3,3,3,2,2,1,1,1,1,3,4,4,4,5,4,4,6
CGCGG,8,8,6,5,9,5,6,4,4,4,8,8,8,7,4,4,2,2,2,2,2,2,4,5,5,3,3,5
CGCGT,2,2,6,7,1,2,2,1,1,1,3,4,4,3,0,0,4,5,5,5,4,4,4,4,4,3,3,3
CGCT,31,31,26,28,18,21,23,20,20,20,25,24,24,25,23,21,21,22,22,22,31,25,25,24,23,20,20,26
CGCTA,4,4,6,6,3,6,7,2,2,2,5,5,5,5,3,3,5,5,5,5,2,2,6,4,3,1,1,2
CGCTC,7,7,4,4,4,5,5,5,5,5,4,4,4,4,3,2,5,6,6,6,6,5,7,7,7,4,4,7
CGCTG,12,12,10,11,10,8,8,7,7,8,9,9,9,9,12,12,6,6,6,6,14,13,6,7,7,9,9,10
CGCTT,8,8,6,7,1,2,3,6,6,5,7,6,6,7,4,4,5,5,5,5,8,5,6,6,6,5,5,7
CGGA,50,47,43,43,33,25,26,41,40,40,36,35,35,35,46,45,35,37,36,36,52,54,47,46,46,49,51,45
CGGAA,18,18,16,18,11,11,11,14,14,14,11,11,11,11,15,14,14,15,15,15,18,16,16,16,16,17,18,14
CGGAC,9,6,8,7,10,5,5,7,7,7,8,8,8,8,8,8,7,7,7,7,13,14,8,8,8,11,11,9
CGGAG,19,18,14,13,9,4,5,16,15,15,11,11,11,11,14,14,9,9,9,9,17,21,17,16,16,17,17,15
CGGAT,4,5,5,5,3,5,5,4,4,4,6,5,5,5,9,9,5,6,5,5,4,3,6,6,6,4,5,7
CGGC,33,35,30,31,28,22,25,36,35,36,27,28,28,26,35,33,24,25,26,27,41,38,43,44,42,33,32,46
CGGCA,9,10,5,6,13,9,10,12,12,12,8,8,8,8,8,7,9,9,10,10,18,12,15,15,14,11,11,16
CGGCC,6,5,7,7,3,5,5,9,9,10,6,7,7,5,9,9,4,5,4,4,5,7,9,10,10,6,6,9
CGGCG,7,8,7,7,3,1,3,4,4,4,4,4,4,4,6,6,3,4,4,5,6,6,7,7,6,6,6,7
CGGCT,11,12,11,11,9,7,7,11,10,10,9,9,9,9,12,11,8,7,8,8,12,13,12,12,12,10,9,14
CGGG,33,34,18,16,21,21,20,27,27,28,22,21,22,22,31,27,30,30,29,29,38,32,33,32,32,26,27,32
CGGGA,14,13,9,7,12,9,8,12,12,12,8,8,8,8,15,12,15,16,15,15,15,12,12,12,12,10,11,12
CGGGC,7,7,3,2,0,0,0,6,6,6,8,7,8,8,7,7,5,5,5,5,5,5,3,3,3,5,5,3
CGGGG,9,10,3,4,4,7,7,6,6,7,5,5,5,5,3,3,7,6,6,6,12,11,14,14,14,10,10,15
CGGGT,3,4,3,3,5,5,5,3,3,3,1,1,1,1,6,5,3,3,3,3,6,4,4,3,3,1,1,2
CGGT,18,18,19,18,24,18,15,16,16,17,24,24,24,24,17,16,25,26,25,26,31,29,27,28,28,25,27,30
CGGTA,1,1,3,3,5,4,1,4,4,4,3,3,3,3,4,4,6,6,6,6,4,2,0,0,0,2,2,0
CGGTC,4,4,4,4,5,2,2,4,4,4,10,10,10,10,3,3,2,3,3,3,8,8,3,3,3,6,6,2
CGGTG,8,8,8,7,10,7,7,3,3,4,7,7,7,7,6,6,8,9,8,8,10,12,16,17,17,11,12,19
CGGTT,5,5,4,4,4,5,5,5,5,5,4,4,4,4,4,3,9,8,8,9,9,7,8,8,8,6,7,9
CGTA,12,12,10,10,8,10,9,11,11,11,7,7,7,7,12,11,10,12,11,11,11,11,11,12,12,7,9,10
CGTAA,2,3,1,1,3,1,2,1,1,1,2,2,2,2,2,1,2,2,2,2,1,2,0,1,1,2,3,1
CGTAC,5,5,3,3,2,4,5,3,3,3,3,3,3,3,2,2,5,6,5,5,5,5,5,5,5,1,1,3
CGTAG,2,1,4,4,0,2,1,2,2,2,2,2,2,2,5,5,0,0,0,0,3,2,2,2,2,1,1,4
CGTAT,3,3,2,2,3,3,1,5,5,5,0,0,0,0,3,3,3,4,4,4,2,2,4,4,4,3,4,2
CGTC,32,32,40,39,11,17,14,17,18,18,21,22,22,21,15,15,20,21,21,21,20,24,23,20,21,26,26,28
CGTCA,10,10,15,14,3,6,4,7,7,6,8,9,9,8,8,8,8,8,8,8,10,12,10,9,10,8,8,10
CGTCC,9,9,11,10,2,3,3,2,3,3,5,5,5,5,2,2,2,2,2,2,2,3,5,3,3,7,7,4
CGTCG,4,5,3,3,4,5,5,3,3,3,3,3,3,3,3,3,5,5,5,5,6,6,4,4,4,6,6,9
CGTCT,9,8,11,12,2,3,2,5,5,6,5,5,5,5,2,2,5,6,6,6,2,3,4,4,4,5,5,5
CGTG,41,40,39,42,28,30,31,34,36,36,35,37,36,35,42,39,32,32,32,32,37,37,51,53,53,47,45,50
CGTGA,7,7,9,11,6,8,9,7,8,8,8,8,8,8,17,16,12,13,13,13,11,9,14,13,13,13,11,12
CGTGC,9,9,8,7,7,5,7,5,4,5,4,6,5,4,5,5,2,2,2,2,4,4,7,7,7,5,6,6
CGTGG,21,20,16,17,13,14,13,15,16,16,14,14,14,14,16,16,14,13,13,13,14,15,19,21,21,21,21,20
CGTGT,4,4,6,7,2,3,2,7,8,7,9,9,9,9,4,2,4,4,4,4,8,9,11,12,12,8,7,12
CGTT,20,20,23,23,15,14,14,17,16,17,29,30,29,29,13,11,24,22,22,22,20,17,13,12,12,13,13,17
CGTTA,2,2,2,3,3,2,2,2,2,2,2,2,2,2,0,0,0,0,0,0,1,2,1,1,1,3,3,2
CGTTC,6,7,6,7,2,2,1,8,7,7,4,3,3,4,6,5,8,7,7,7,4,3,6,5,5,2,2,5
CGTTG,8,8,9,8,7,7,8,4,4,4,11,12,11,11,3,3,8,8,8,8,11,8,5,5,5,6,6,6
CGTTT,4,3,6,5,3,3,3,3,3,4,12,13,13,12,4,3,8,7,7,7,4,4,1,1,1,2,2,4
CTAA,18,18,14,11,23,22,22,12,12,12,18,18,19,18,18,17,13,11,12,12,12,13,15,15,15,16,16,15
CTAAA,6,6,3,3,8,10,7,3,3,3,7,7,7,7,5,4,7,5,5,5,4,4,5,5,5,7,7,5
CTAAC,5,5,5,3,7,5,7,3,3,3,2,2,3,2,5,5,1,1,1,1,3,5,2,3,3,5,5,4
CTAAG,2,2,3,2,5,2,4,4,4,4,6,6,6,6,6,6,3,4,4,4,3,1,6,6,6,1,1,3
CTAAT,5,5,3,3,3,5,4,2,2,2,3,3,3,3,2,2,2,1,2,2,2,3,2,1,1,3,3,3
CTAC,25,25,32,35,28,25,22,33,32,32,24,24,24,24,22,22,27,26,27,27,27,27,33,34,33,27,26,32
CTACA,3,3,5,6,11,9,7,10,9,9,12,12,12,12,7,7,9,8,8,8,3,4,11,10,9,8,6,8
CTACC,8,9,8,8,4,5,6,9,9,9,5,5,5,5,4,4,4,4,4,4,7,6,8,8,8,6,6,10
CTACG,10,8,8,8,5,4,2,4,4,4,2,2,2,2,4,4,4,4,5,5,6,7,5,6,6,5,6,6
CTACT,4,5,11,13,8,7,7,10,10,10,5,5,5,5,7,7,10,10,10,10,11,10,9,10,10,8,8,8
CTAG,37,37,39,39,25,21,24,27,29,32,27,28,29,26,18,18,26,27,27,27,11,13,19,21,21,17,18,15
CTAGA,14,13,17,17,7,7,7,2,3,5,4,5,5,3,5,5,6,9,9,8,5,6,4,5,5,6,6,5
CTAGC,7,8,7,7,7,5,3,10,10,10,10,10,10,10,3,3,5,5,5,5,1,2,4,4,4,4,4,4
CTAGG,10,9,6,6,9,4,8,8,9,10,8,9,9,8,6,6,12,10,10,10,1,1,5,5,5,3,4,2
CTAGT,6,7,9,9,2,5,6,7,7,7,5,4,5,5,4,4,3,3,3,3,4,4,6,7,7,4,4,4
CTAT,20,21,26,27,24,24,32,25,26,26,30,31,31,29,21,20,23,22,22,22,25,20,11,10,10,22,22,18
CTATA,1,2,7,7,2,3,2,1,2,2,3,3,3,3,2,1,1,1,2,1,5,2,2,2,2,4,5,3
CTATC,8,8,5,6,5,4,4,5,5,5,6,7,7,6,5,5,4,4,4,4,4,4,1,1,1,5,5,3
CTATG,8,8,9,9,10,10,15,14,14,13,15,14,15,14,9,9,11,11,10,11,13,12,8,7,7,9,8,11
CTATT,3,3,5,5,7,7,11,5,5,6,6,7,6,6,5,5,7,6,6,6,3,2,0,0,0,4,4,1
CTCA,61,61,58,56,45,49,49,50,50,50,48,47,48,48,49,47,53,52,55,55,49,49,56,56,56,52,50,61
CTCAA,21,21,18,18,12,13,14,16,16,16,11,11,11,11,10,11,14,15,16,16,10,10,15,16,16,17,17,15
CTCAC,11,12,11,9,10,9,7,11,11,10,7,7,7,7,11,9,9,10,10,10,13,13,13,13,13,15,14,16
CTCAG,17,16,13,14,13,15,14,9,9,9,15,14,15,15,13,12,14,12,14,14,16,15,16,15,15,10,9,19
CTCAT,12,12,16,15,10,12,14,14,14,15,15,15,15,15,15,15,16,15,15,15,10,11,12,12,12,10,10,11
CTCC,32,32,38,37,24,28,27,33,32,36,30,29,29,29,28,25,24,27,26,26,28,24,29,28,28,28,28,32
CTCCA,14,14,8,9,13,14,14,7,8,8,13,13,13,13,7,8,11,11,11,11,10,9,8,7,7,7,7,11
CTCCC,6,6,8,8,6,5,6,13,11,14,5,4,4,4,7,5,4,4,4,4,7,9,8,8,8,6,6,8
CTCCG,5,5,7,6,3,4,3,3,3,3,6,6,6,6,5,5,4,6,5,5,2,2,6,6,6,3,3,3
CTCCT,7,7,15,14,2,5,4,10,10,11,6,6,6,6,9,7,5,6,6,6,9,4,7,7,7,12,12,10
CTCG,29,27,25,28,15,16,14,17,17,17,31,30,30,31,22,19,19,17,17,17,28,29,36,35,35,27,26,29
CTCGA,6,5,5,6,4,3,3,4,4,4,11,11,11,11,6,6,5,3,3,3,4,3,10,9,9,7,6,6
CTCGC,5,4,6,7,1,3,3,4,4,4,7,6,6,7,4,4,4,5,5,5,5,5,3,2,2,5,4,3
CTCGG,11,11,4,5,5,6,4,5,5,5,7,7,7,7,8,5,5,5,5,5,13,14,16,16,16,7,7,14
CTCGT,7,7,10,10,5,4,4,4,4,4,6,6,6,6,4,4,5,4,4,4,6,7,7,8,8,8,9,6
CTCT,31,29,32,32,26,24,26,38,40,39,41,40,39,40,24,24,26,25,25,25,37,35,37,41,41,32,33,35
CTCTA,4,4,7,7,3,7,8,6,7,7,7,7,7,7,2,2,3,4,4,4,2,2,3,4,4,2,2,3
CTCTC,6,5,7,7,7,7,7,7,7,7,14,14,14,14,7,7,7,7,7,7,8,8,8,8,8,6,7,5
CTCTG,10,9,8,8,8,6,7,16,16,16,11,10,9,10,5,5,8,6,6,6,19,17,16,19,19,12,13,17
CTCTT,11,11,10,10,8,4,4,9,10,9,9,9,9,9,10,10,8,8,8,8,8,8,10,10,10,12,11,10
CTGA,50,51,53,52,59,59,55,74,73,74,65,63,63,64,50,48,46,44,45,45,68,63,64,64,64,53,54,56
CTGAA,16,17,14,15,21,20,19,20,20,20,21,19,20,20,17,17,22,22,22,22,20,17,17,16,16,12,12,16
CTGAC,17,17,13,13,12,11,8,20,20,20,16,16,15,16,14,13,10,8,8,8,17,16,13,13,13,11,10,10
CTGAG,8,7,11,10,14,16,18,18,18,18,16,16,16,16,11,10,7,7,7,7,19,20,22,23,23,16,17,19
CTGAT,9,10,15,14,12,12,10,16,15,16,12,12,12,12,8,8,7,7,8,8,12,10,12,12,12,14,15,11
CTGC,42,41,42,40,50,45,44,45,45,48,55,54,55,54,48,48,39,38,39,39,43,44,39,42,41,43,44,43
CTGCA,13,13,13,12,18,18,18,12,12,12,15,13,14,15,12,12,9,9,9,9,13,12,7,8,8,6,6,9
CTGCC,9,9,8,9,8,8,8,15,15,15,12,12,12,12,15,15,8,8,8,8,9,11,5,7,6,10,12,9
CTGCG,7,7,7,7,6,3,3,4,5,5,11,11,11,10,8,8,8,8,8,8,7,7,7,7,7,7,6,6
CTGCT,13,12,14,12,18,16,15,14,13,16,17,18,18,17,13,13,14,13,14,14,14,14,20,20,20,20,20,19
CTGG,95,96,95,92,71,74,74,93,93,95,91,93,92,89,96,91,94,95,96,94,132,135,138,137,137,102,103,146
CTGGA,28,32,37,36,23,27,24,37,37,37,37,37,37,37,20,19,31,31,32,31,46,48,42,41,41,28,28,43
CTGGC,24,24,20,18,15,11,15,20,20,20,25,25,25,24,22,20,22,20,20,19,26,29,41,41,41,31,33,41
CTGGG,22,22,23,22,19,19,20,22,22,23,15,16,16,14,37,35,23,24,24,24,30,29,25,26,26,27,27,31
CTGGT,21,18,15,16,14,17,15,14,14,15,14,15,14,14,17,17,18,20,20,20,30,29,30,29,29,16,15,31
CTGT,32,33,29,28,28,34,36,33,35,35,43,43,43,43,43,42,45,44,44,44,37,41,46,46,46,44,42,45
CTGTA,5,5,4,4,1,1,3,5,5,6,3,4,3,3,3,3,6,5,5,5,4,3,6,6,6,4,3,2
CTGTC,3,3,9,7,9,12,11,7,7,7,7,7,7,7,8,8,6,7,7,7,5,7,8,9,9,12,11,8
CTGTG,12,12,11,11,11,13,12,15,15,15,14,14,14,14,23,23,22,21,22,22,22,23,22,22,22,22,22,26
CTGTT,12,13,5,6,7,8,10,6,8,7,19,18,19,19,9,8,11,11,10,10,6,8,10,9,9,6,6,9
CTTA,28,29,28,29,14,21,19,16,16,17,18,19,17,18,18,16,21,23,21,21,11,13,9,8,8,14,15,13
CTTAA,3,3,4,5,2,3,4,0,0,0,2,2,2,2,4,3,2,2,2,2,1,3,2,1,1,1,1,4
CTTAC,8,9,10,11,4,6,6,3,4,4,8,8,7,8,5,5,9,10,10,10,4,4,2,2,2,3,4,3
CTTAG,9,10,11,9,3,4,3,4,4,5,6,6,6,6,4,3,2,4,2,2,5,5,2,2,2,5,5,2
CTTAT,8,7,3,4,5,8,6,9,8,8,2,3,2,2,5,5,8,7,7,7,1,1,3,3,3,5,5,4
CTTC,37,40,42,43,25,26,26,41,42,41,39,43,41,40,40,38,32,30,29,30,40,36,47,45,46,37,39,51
CTTCA,10,10,10,10,11,11,14,21,21,20,11,12,11,11,11,10,9,8,7,8,10,9,11,11,12,10,10,11
CTTCC,7,8,8,8,7,7,5,9,9,8,13,15,14,14,11,10,8,8,8,8,10,6,13,13,13,10,10,13
CTTCG,10,11,13,14,3,4,3,4,5,5,6,6,6,6,6,6,5,4,4,4,12,11,5,5,5,6,7,7
CTTCT,10,11,11,11,4,4,4,7,7,8,9,10,10,9,12,12,10,10,10,10,8,10,18,16,16,11,12,20
CTTG,53,52,49,53,52,50,52,49,50,48,50,52,52,50,80,78,62,67,67,67,70,70,60,58,58,66,64,55
CTTGA,6,6,7,7,10,11,10,12,13,12,16,16,16,16,15,15,9,10,10,10,17,19,16,15,15,17,17,15
CTTGC,12,10,8,9,7,8,10,6,6,6,10,11,11,10,15,14,13,14,14,14,14,12,14,13,13,8,8,11
CTTGG,23,23,28,31,27,20,24,23,23,22,20,21,21,20,31,31,26,27,28,28,26,27,21,21,21,27,26,18
CTTGT,12,13,6,6,8,11,8,8,8,8,4,4,4,4,19,18,14,16,15,15,13,12,9,9,9,14,13,11
CTTT,35,34,34,34,35,29,31,48,47,47,34,33,35,34,32,30,33,36,36,36,39,35,33,34,33,40,40,32
CTTTA,3,3,3,3,4,2,2,3,2,2,4,4,4,4,4,3,1,2,2,2,3,3,1,2,1,4,4,3
CTTTC,11,11,8,9,2,5,6,13,13,13,7,6,7,7,8,8,8,8,8,8,15,16,12,11,11,8,8,8
CTTTG,12,11,15,14,19,15,17,19,21,20,16,16,17,16,13,12,12,14,14,14,8,6,15,14,14,11,10,13
CTTTT,9,9,8,8,10,7,6,13,11,12,7,7,7,7,7,7,12,12,12,12,13,10,5,7,7,17,18,8
GAAA,96,92,102,101,85,85,88,73,71,73,89,90,90,88,79,74,89,89,89,91,79,72,84,87,86,83,83,86
GAAAA,41,39,43,43,31,24,25,17,16,18,27,27,27,26,25,22,24,25,25,26,26,20,28,29,28,27,27,26
GAAAC,11,11,14,13,13,14,13,12,12,12,20,21,21,20,10,9,16,16,16,16,12,14,15,15,16,15,15,14
GAAAG,33,32,36,36,27,31,32,32,32,32,29,29,29,29,31,30,38,37,37,38,34,33,24,26,25,28,28,28
GAAAT,11,10,9,9,14,16,18,12,11,11,13,13,13,13,13,13,11,11,11,11,7,5,17,17,17,13,13,18
GAAC,60,63,50,51,49,52,52,48,50,54,63,63,63,63,56,53,48,48,48,47,67,64,60,60,60,73,73,56
GAACA,26,28,24,24,13,17,16,19,20,20,21,21,21,21,23,22,24,24,24,23,25,23,24,25,25,28,28,21
GAACC,15,15,12,12,14,12,14,17,17,18,15,15,15,15,8,8,11,11,11,11,14,15,8,7,7,15,15,9
GAACG,8,8,5,6,4,9,8,3,3,5,10,10,10,10,5,4,6,5,5,5,14,11,12,12,12,11,11,15
GAACT,11,12,9,9,18,14,14,9,10,11,17,17,17,17,20,19,7,8,8,8,14,15,16,16,16,19,19,11
GAAG,95,97,101,100,103,108,102,115,117,117,113,117,117,114,78,75,80,80,81,81,77,72,72,75,75,79,85,78
GAAGA,35,35,32,33,32,38,38,41,42,42,39,40,40,40,26,25,33,33,33,33,32,30,32,30,30,29,33,35
GAAGC,23,23,29,28,24,24,18,28,28,29,28,29,29,28,21,21,13,13,14,14,12,12,12,12,12,13,13,13
GAAGG,20,21,24,23,27,25,24,25,26,26,22,24,24,22,30,28,24,24,24,24,26,26,21,23,24,34,36,22
GAAGT,17,18,16,16,20,21,22,21,21,20,24,24,24,24,1,1,10,10,10,10,7,4,7,10,9,3,3,8
GAAT,48,48,52,54,58,55,57,40,38,39,50,50,50,50,37,37,43,42,42,42,39,37,35,36,36,33,32,35
GAATA,4,4,8,8,17,14,17,7,5,5,5,5,5,5,4,4,7,6,6,6,4,6,5,5,5,6,6,6
GAATC,11,10,9,9,6,10,6,6,6,6,8,8,8,8,5,5,10,10,10,10,1,2,6,6,6,4,4,4
GAATG,24,24,25,25,25,21,20,20,20,20,27,27,27,27,19,19,15,16,16,16,25,23,18,19,19,15,15,18
GAATT,9,10,10,12,10,10,14,7,7,8,10,10,10,10,9,9,11,10,10,10,9,6,6,6,6,8,7,7
GACA,68,67,70,70,66,73,78,74,74,73,64,65,65,64,86,84,89,91,91,90,78,72,83,81,81,80,78,78
GACAA,14,14,14,15,15,18,18,16,16,16,11,11,11,11,23,22,23,24,24,23,20,17,23,23,23,20,20,24
GACAC,23,22,21,19,13,12,15,23,22,22,22,23,23,22,19,19,21,22,22,22,21,18,24,23,23,22,22,21
GACAG,15,15,17,18,24,26,29,16,17,16,17,17,17,17,23,22,22,23,23,23,20,21,20,19,19,20,18,19
GACAT,16,16,18,18,14,17,16,19,19,19,14,14,14,14,21,21,23,22,22,22,17,16,16,16,16,18,18,14
GACC,51,50,44,46,39,40,39,52,52,55,41,42,43,41,61,59,50,51,51,51,50,50,56,54,54,46,45,50
GACCA,15,13,16,16,14,14,12,19,18,20,13,13,13,13,32,31,23,25,25,25,21,22,24,23,23,18,17,24
GACCC,13,12,12,11,5,8,8,10,11,12,12,14,14,12,10,9,10,9,9,9,10,11,10,8,8,8,9,7
GACCG,10,12,5,7,6,6,5,6,6,6,6,6,6,6,5,5,7,7,7,7,7,5,5,5,5,4,4,3
GACCT,13,13,11,12,14,12,14,17,17,17,10,9,10,10,14,14,10,10,10,10,12,12,17,18,18,16,15,16
GACG,33,31,35,34,25,24,26,27,27,27,38,37,37,37,37,35,33,33,33,34,51,45,42,42,42,38,38,43
GACGA,8,7,7,7,3,8,7,6,6,6,8,8,8,8,8,8,9,8,8,8,12,10,4,4,4,13,13,5
GACGC,8,8,7,6,3,2,3,3,3,3,7,7,7,7,9,9,10,10,10,10,13,11,15,15,15,6,6,13
GACGG,8,9,11,11,12,10,10,12,12,12,14,13,13,13,11,10,9,9,9,10,15,13,11,12,12,7,7,11
GACGT,9,7,10,10,7,4,6,6,6,6,9,9,9,9,9,8,5,6,6,6,11,11,12,11,11,12,12,14
GACT,48,48,42,45,45,54,54,47,48,51,50,54,53,49,41,40,56,54,55,55,48,47,60,61,61,47,46,57
GACTA,13,14,7,7,5,6,7,6,8,9,6,9,9,6,9,9,9,8,8,8,7,5,8,8,8,6,6,7
GACTC,5,5,6,7,7,8,9,10,9,11,15,14,14,14,7,6,11,11,12,12,6,5,10,10,10,10,9,10
GACTG,16,15,17,18,16,18,18,18,18,18,21,21,21,20,17,17,18,17,17,17,26,27,25,26,26,21,21,28
GACTT,14,14,12,13,17,22,20,13,13,13,8,10,9,9,8,8,18,18,18,18,9,10,17,17,17,10,10,12
GAGA,98,99,100,100,72,79,80,91,93,94,87,91,90,87,99,94,84,88,88,84,110,105,111,111,112,109,108,111
GAGAA,36,36,32,32,22,22,24,32,30,29,33,35,34,33,21,19,23,23,23,22,25,23,26,27,28,29,31,30
GAGAC,14,15,14,14,10,10,13,10,11,12,11,13,13,11,22,20,13,14,14,14,22,22,29,29,29,28,26,27
GAGAG,26,26,30,30,21,28,25,30,32,32,31,31,31,31,40,40,29,31,31,29,46,43,43,43,43,39,38,40
GAGAT,22,22,24,24,19,19,18,19,20,21,12,12,12,12,16,15,19,20,20,19,17,17,13,12,12,13,13,14
GAGC,53,49,53,54,57,60,59,48,50,49,53,53,53,53,54,51,59,60,62,60,67,66,65,66,66,57,57,71
GAGCA,20,18,17,18,20,23,18,16,16,16,11,11,11,11,14,13,16,16,17,16,14,16,15,15,15,16,16,19
GAGCC,11,11,15,15,9,7,10,13,13,13,13,13,13,13,14,12,14,15,16,15,12,10,18,18,18,13,13,17
GAGCG,9,8,7,7,7,8,9,7,8,7,10,11,10,10,7,7,9,10,10,10,11,10,9,9,9,8,8,8
GAGCT,13,12,14,14,21,22,22,12,13,13,19,18,19,19,19,19,20,19,19,19,30,30,23,24,24,20,20,27
GAGG,93,90,88,88,86,85,86,79,82,85,88,91,91,87,96,93,83,86,84,85,114,103,114,107,108,109,105,111
GAGGA,27,25,30,31,43,40,43,37,39,40,44,45,45,43,33,31,32,33,33,33,36,34,37,37,38,39,34,35
GAGGC,21,21,17,16,14,23,22,17,17,17,14,14,14,14,21,21,18,20,19,19,31,26,22,23,23,20,21,26
GAGGG,25,24,19,19,16,14,11,17,17,17,16,16,16,16,22,21,19,20,19,20,27,28,39,36,35,28,28,36
GAGGT,20,20,22,22,13,8,10,8,9,11,14,16,16,14,20,20,14,13,13,13,20,15,16,11,12,22,22,14
GAGT,36,37,44,41,55,48,52,50,50,50,51,52,51,50,68,66,67,68,66,67,66,65,71,72,72,61,61,70
GAGTA,5,5,7,6,7,6,10,9,9,9,11,11,11,11,1,1,6,7,6,7,5,5,9,9,9,6,6,6
GAGTC,5,5,8,8,8,7,7,9,9,9,8,8,8,8,12,12,15,14,14,14,12,13,11,11,11,8,8,9
GAGTG,15,16,17,17,24,18,20,15,15,15,21,21,21,20,35,34,34,34,34,34,33,33,34,35,35,29,29,37
GAGTT,11,11,12,10,16,17,15,17,17,17,11,12,11,11,20,19,12,13,12,12,16,14,17,17,17,18,18,18
GATA,19,20,23,25,38,32,33,26,27,27,31,32,32,30,21,20,12,12,12,14,17,20,16,17,17,19,19,16
GATAA,1,1,4,4,15,10,11,9,9,9,6,6,6,6,7,7,3,3,3,4,5,7,3,3,3,5,5,2
GATAC,5,6,8,9,5,6,5,7,7,8,12,12,12,12,4,4,4,4,4,4,3,3,6,7,7,5,5,7
GATAG,6,6,6,6,13,13,12,8,8,8,7,8,8,6,8,7,1,1,1,2,5,5,6,6,6,5,5,5
GATAT,7,7,5,6,5,3,5,2,3,2,6,6,6,6,2,2,4,4,4,4,4,5,1,1,1,4,4,2
GATC,36,35,36,31,23,29,26,31,32,34,35,35,36,35,28,28,35,36,36,36,31,31,36,34,34,32,31,40
GATCA,10,10,13,12,10,11,13,12,12,12,10,10,10,10,11,11,14,14,14,14,13,14,12,11,11,8,7,13
GATCC,12,11,7,5,6,7,6,6,6,6,9,9,9,9,9,9,12,12,12,12,8,7,13,14,14,7,7,12
GATCG,8,8,9,8,2,4,2,5,6,6,5,5,5,5,3,3,3,3,3,3,3,2,4,3,3,7,7,7
GATCT,6,6,7,6,5,7,5,8,8,10,11,11,12,11,5,5,6,7,7,7,7,8,7,6,6,10,10,8
GATG,75,78,79,79,83,78,80,92,94,93,80,81,81,81,87,86,90,89,89,88,90,89,83,85,85,83,83,87
GATGA,21,22,23,23,24,20,21,27,27,27,20,20,20,20,24,24,19,19,19,19,24,23,23,24,24,23,23,25
GATGC,10,10,13,13,10,9,10,11,12,12,4,4,4,4,10,10,8,9,9,9,17,20,17,17,17,15,15,13
GATGG,29,29,27,27,28,28,29,31,32,31,30,31,31,31,29,28,36,35,35,34,27,27,24,24,24,27,27,28
GATGT,15,17,16,16,21,21,20,23,23,23,26,26,26,26,24,24,27,26,26,26,22,19,19,20,20,18,18,21
GATT,32,33,39,41,53,49,47,42,42,42,49,50,49,49,30,28,24,25,24,23,26,23,25,27,27,28,28,28
GATTA,6,6,5,7,12,11,10,5,5,5,7,7,7,7,3,3,4,4,4,3,2,1,3,4,4,3,3,5
GATTC,8,9,7,9,9,8,8,8,8,8,12,12,12,12,8,8,4,6,5,5,5,4,6,7,7,7,7,8
GATTG,13,13,18,17,20,18,17,17,17,17,22,22,22,22,11,11,9,9,9,10,11,11,10,10,10,12,12,8
GATTT,5,5,9,8,12,12,12,12,12,12,8,9,8,8,8,6,7,6,6,5,8,7,6,6,6,6,6,7
GCAA,49,54,48,47,58,55,52,54,53,54,47,47,47,47,38,36,34,35,37,36,49,44,39,39,39,38,39,41
GCAAA,14,15,17,16,21,19,17,16,16,16,13,13,13,13,13,12,12,13,13,13,20,20,18,16,16,15,16,18
GCAAC,11,14,8,8,11,7,7,13,13,13,12,12,12,12,6,6,6,5,6,6,10,9,11,11,11,7,7,13
GCAAG,14,15,13,13,10,10,12,11,11,11,14,14,14,14,14,14,12,12,13,12,6,5,4,6,6,6,6,5
GCAAT,10,10,10,10,16,19,16,14,13,14,8,8,8,8,5,4,4,5,5,5,13,10,6,6,6,10,10,5
GCAC,36,37,46,44,28,32,28,42,42,43,37,38,39,37,54,50,44,41,42,42,57,53,48,47,45,46,46,52
GCACA,15,15,17,16,15,13,11,15,14,16,14,14,15,14,15,13,17,16,17,17,13,16,16,17,16,12,12,12
GCACC,5,6,10,10,5,5,4,10,10,10,12,12,12,12,14,13,9,10,10,10,14,11,10,9,9,9,8,15
GCACG,9,9,11,11,2,3,2,7,8,7,5,6,6,5,15,14,9,8,8,8,17,13,11,9,8,10,11,14
GCACT,7,7,8,7,6,11,11,10,10,10,6,6,6,6,10,10,9,7,7,7,13,13,11,12,12,15,15,11
GCAG,75,71,72,69,54,55,54,55,56,55,54,55,54,52,63,61,66,67,67,67,60,58,65,65,66,68,68,65
GCAGA,16,17,21,19,19,21,19,11,11,11,12,12,12,11,20,20,25,25,25,25,15,16,12,13,13,12,12,16
GCAGC,23,22,19,18,10,10,9,19,19,19,19,19,19,19,17,15,15,15,15,15,27,23,22,22,23,19,19,25
GCAGG,20,16,15,15,16,16,18,9,9,9,10,10,10,10,10,10,14,14,14,15,8,8,17,16,16,17,17,9
GCAGT,16,16,17,17,9,8,8,16,17,16,13,14,13,12,16,16,12,13,13,12,10,11,14,14,14,20,20,15
GCAT,47,47,38,39,41,42,43,31,31,34,27,28,28,27,39,38,42,43,43,43,48,43,38,40,40,49,50,37
GCATA,7,7,7,8,7,7,6,6,6,7,4,5,5,4,5,4,4,4,3,4,7,6,6,6,6,5,5,9
GCATC,11,10,6,6,4,6,6,9,8,11,10,10,10,10,13,13,14,14,14,14,12,15,8,8,8,15,16,5
GCATG,20,20,16,15,18,21,22,10,10,10,6,6,6,6,14,14,18,19,20,19,16,12,13,14,14,18,18,15
GCATT,9,10,9,10,12,8,9,6,7,6,7,7,7,7,7,7,6,6,6,6,13,10,11,12,12,11,11,8
GCCA,66,68,61,62,53,54,52,72,72,73,69,69,70,68,76,75,57,63,61,61,53,57,60,59,60,59,60,57
GCCAA,13,13,9,10,11,12,9,15,15,15,10,12,12,10,13,13,14,16,15,15,11,13,14,14,14,15,16,13
GCCAC,17,17,20,19,10,9,10,25,25,25,17,17,17,16,9,8,8,10,9,9,11,9,12,12,13,9,9,15
GCCAG,12,13,13,13,19,21,20,15,15,15,15,15,15,15,23,23,12,12,12,12,11,11,12,12,12,17,17,14
GCCAT,24,25,19,20,13,12,13,17,17,18,27,25,26,27,31,31,23,25,25,25,20,24,22,21,21,18,18,15
GCCC,36,34,40,39,30,27,26,26,26,27,33,35,35,31,35,32,40,41,42,41,28,24,41,41,40,30,30,41
GCCCA,11,10,15,14,13,15,14,7,7,8,12,13,13,12,10,9,7,7,7,7,7,6,12,12,12,12,12,11
GCCCC,8,8,11,10,3,3,2,8,8,8,3,3,3,1,10,9,11,11,11,11,10,7,9,9,9,7,7,7
GCCCG,8,8,3,3,3,2,2,4,4,4,7,7,7,7,4,4,5,5,5,5,4,4,6,6,5,7,7,7
GCCCT,9,8,11,12,11,7,8,7,7,7,11,12,12,11,11,10,17,18,18,18,7,7,14,14,14,4,4,16
GCCG,29,30,31,33,26,24,22,29,29,29,28,29,28,28,24,23,33,33,33,33,27,28,32,32,32,26,27,30
GCCGA,7,7,7,7,7,8,7,4,4,5,6,6,6,6,6,6,6,6,6,6,5,4,5,5,5,4,5,6
GCCGC,7,7,11,11,3,4,5,6,6,5,8,9,8,8,8,8,7,7,7,7,5,4,7,6,6,5,5,5
GCCGG,4,5,4,5,9,5,5,10,10,10,7,7,7,7,3,3,8,8,8,8,11,12,10,10,10,9,9,8
GCCGT,11,11,9,10,7,7,5,9,9,9,7,7,7,7,7,6,12,12,12,12,6,8,10,11,11,8,8,11
GCCT,30,30,34,33,23,19,19,38,38,38,34,34,34,33,39,36,33,34,34,34,49,47,51,53,53,43,42,50
GCCTA,6,6,6,5,8,3,5,7,7,7,7,7,7,7,5,5,4,4,4,4,4,4,5,5,5,10,10,7
GCCTC,3,3,8,8,3,4,3,2,2,2,6,6,6,6,5,4,6,7,7,7,10,8,12,13,13,9,8,11
GCCTG,9,10,12,12,5,3,3,15,15,15,17,17,17,16,12,11,12,12,12,12,25,25,26,27,27,13,13,21
GCCTT,12,11,8,8,7,9,8,14,14,14,4,4,4,4,17,16,11,11,11,11,10,10,8,8,8,11,11,11
GCGA,31,30,28,28,21,25,28,28,29,29,31,30,31,30,22,22,24,23,23,23,21,21,22,21,21,17,17,23
GCGAA,5,5,6,7,2,2,5,10,11,11,7,7,7,7,3,3,4,3,3,3,6,5,5,6,6,4,4,4
GCGAC,9,7,4,5,4,6,6,9,9,9,5,4,5,5,8,8,6,6,6,6,5,3,7,6,6,8,8,6
GCGAG,11,12,10,9,10,12,11,4,4,4,7,7,7,7,8,8,11,11,11,11,9,10,8,7,7,4,4,9
GCGAT,6,6,8,7,5,5,6,5,5,5,12,12,12,11,3,3,3,3,3,3,1,3,2,2,2,1,1,4
GCGC,22,21,15,16,14,11,14,14,14,14,20,20,20,20,22,22,18,18,20,20,29,26,25,25,26,26,26,29
GCGCA,6,6,5,6,4,2,4,1,1,1,4,4,4,4,13,13,9,9,10,10,15,12,6,6,7,12,12,9
GCGCC,4,3,5,3,1,3,2,5,5,6,6,6,6,6,4,4,2,1,2,2,2,3,5,5,5,5,5,4
GCGCG,6,6,1,1,4,4,4,2,2,2,4,4,4,4,0,0,2,2,2,2,4,4,7,7,7,4,4,8
GCGCT,6,6,4,6,5,2,4,6,6,5,6,6,6,6,5,5,5,6,6,6,8,7,7,7,7,5,5,8
GCGG,41,39,27,27,34,22,22,28,28,29,34,34,34,33,38,35,30,33,33,34,34,28,43,44,43,35,36,45
GCGGA,10,9,6,6,7,6,6,5,5,5,10,10,10,10,10,10,7,8,8,8,11,10,10,10,10,10,11,9
GCGGC,12,11,10,11,8,4,4,13,13,14,11,11,11,10,13,12,9,10,10,10,10,9,17,17,16,8,7,17
GCGGG,14,14,7,6,8,6,6,5,5,5,5,5,5,5,8,7,7,7,7,7,7,5,8,8,8,4,4,10
GCGGT,5,5,4,4,11,6,6,5,5,5,8,8,8,8,7,6,7,8,8,9,6,4,8,9,9,13,14,9
GCGT,18,18,31,31,17,21,21,18,19,19,22,23,23,22,21,20,25,26,25,25,25,25,25,25,25,29,28,23
GCGTA,2,3,3,3,4,3,2,3,3,3,1,1,1,1,3,3,1,2,1,1,1,2,3,3,3,2,2,1
GCGTC,7,7,11,11,3,5,5,5,6,6,5,6,6,5,5,5,7,8,8,8,9,8,6,6,6,11,11,8
GCGTG,5,4,11,12,4,5,6,6,7,7,7,7,7,7,7,7,7,7,7,7,7,8,10,11,11,13,12,8
GCGTT,4,4,6,5,6,8,8,4,3,3,9,9,9,9,6,5,10,9,9,9,8,7,6,5,5,3,3,6
GCTA,32,29,38,38,38,34,36,26,26,26,34,34,34,32,24,24,32,28,30,30,25,22,28,30,29,14,15,28
GCTAA,5,3,5,4,11,6,6,2,2,2,5,5,5,5,5,5,5,3,4,4,4,3,7,7,7,6,6,8
GCTAC,7,7,13,14,5,9,6,9,8,8,10,10,10,10,6,6,7,7,8,8,9,9,10,10,9,5,5,8
GCTAG,12,11,13,12,14,10,11,10,10,10,7,6,6,6,6,6,11,11,11,11,6,7,9,10,10,1,2,5
GCTAT,8,8,7,8,8,9,13,5,6,6,12,13,13,11,7,7,9,7,7,7,6,3,2,3,3,2,2,7
GCTC,62,61,56,56,46,47,46,47,48,48,45,45,44,45,48,47,41,43,44,44,52,54,56,57,56,37,37,60
GCTCA,23,22,22,23,17,21,21,18,18,17,12,12,12,12,14,14,17,17,19,19,20,21,21,21,20,12,11,20
GCTCC,12,11,8,7,7,9,9,13,11,13,11,11,11,11,11,10,7,9,8,8,7,7,9,9,9,5,5,11
GCTCG,11,11,9,9,9,7,6,3,3,3,5,5,5,5,10,10,5,5,5,5,12,13,10,10,10,8,8,11
GCTCT,16,17,17,17,13,10,10,13,16,15,17,16,16,17,13,13,12,12,12,12,13,13,16,17,17,12,13,18
GCTG,78,78,81,77,78,85,86,86,85,89,84,85,85,84,87,86,71,71,72,71,95,96,73,72,72,85,87,80
GCTGA,16,16,19,18,21,22,21,28,27,28,23,23,24,23,18,18,15,15,16,16,25,21,23,22,22,18,20,20
GCTGC,17,16,15,14,20,19,19,12,12,13,20,20,20,20,19,19,13,13,13,13,15,18,8,9,9,19,20,11
GCTGG,32,32,33,31,26,29,30,31,31,32,28,28,28,28,32,31,30,31,31,30,41,42,24,23,23,29,29,33
GCTGT,13,14,14,14,11,15,16,15,15,16,13,14,13,13,18,18,13,12,12,12,14,15,18,18,18,19,18,16
GCTT,42,45,41,43,31,31,32,43,42,43,46,46,46,46,45,42,43,43,42,42,51,51,41,40,40,52,51,44
GCTTA,7,8,11,11,3,5,4,4,4,4,7,7,7,7,10,8,8,6,5,5,3,4,4,4,4,6,6,5
GCTTC,5,7,4,4,5,8,8,7,7,7,12,12,12,12,12,12,11,9,9,9,15,13,11,11,11,15,16,13
GCTTG,17,17,13,14,11,10,11,16,16,16,17,17,17,17,17,17,18,20,20,20,23,24,14,14,14,19,18,14
GCTTT,13,13,13,14,12,8,9,16,15,16,10,10,10,10,6,5,6,8,8,8,10,10,12,11,11,12,11,12
GGAA,119,116,112,110,126,127,130,108,110,116,121,121,122,121,117,112,106,104,105,105,110,106,113,113,112,110,111,107
GGAAA,44,42,40,39,40,43,46,32,31,32,39,39,39,39,41,38,40,40,40,40,32,33,42,41,42,39,39,38
GGAAC,20,20,15,15,21,21,21,13,14,17,20,20,20,20,23,23,23,21,21,21,30,28,25,24,23,25,25,22
GGAAG,34,33,34,33,40,38,38,44,47,47,47,47,48,47,35,33,27,27,28,28,38,33,34,35,34,34,35,33
GGAAT,21,21,23,23,25,25,25,19,18,20,15,15,15,15,18,18,16,16,16,16,10,12,12,13,13,12,12,14
GGAC,70,67,67,67,57,59,61,66,67,68,59,59,59,56,72,72,73,74,74,74,74,77,83,80,80,70,69,79
GGACA,21,19,24,22,22,22,21,20,20,20,20,19,19,19,21,21,25,26,26,26,30,30,31,29,29,27,27,31
GGACC,12,11,12,13,11,13,14,19,18,19,10,10,10,10,25,25,16,17,17,17,8,9,15,15,15,10,10,14
GGACG,15,15,14,14,9,9,10,10,10,10,15,14,14,14,10,10,10,10,10,10,17,20,13,12,12,20,19,11
GGACT,22,22,17,18,15,15,16,17,19,19,14,16,16,13,16,16,22,21,21,21,19,18,24,24,24,13,13,23
GGAG,114,113,108,107,98,93,92,104,104,106,107,111,110,107,125,118,121,124,123,123,135,130,135,136,138,141,136,139
GGAGA,40,41,41,41,22,26,23,29,30,31,31,35,34,31,41,39,31,32,32,32,37,40,41,42,43,42,40,41
GGAGC,26,25,22,22,22,22,20,18,18,18,24,24,24,24,26,25,27,29,29,29,25,25,20,20,20,29,28,24
GGAGG,33,31,27,27,30,27,29,31,31,31,32,32,32,32,32,29,33,33,33,33,43,37,40,39,40,44,42,42
GGAGT,15,16,18,17,24,18,20,26,25,26,20,20,20,20,26,25,30,30,29,29,30,28,34,35,35,26,26,32
GGAT,50,52,55,55,68,61,59,60,61,61,62,65,65,63,60,59,58,58,58,58,49,47,53,55,55,48,49,59
GGATA,4,5,7,7,12,12,13,5,5,5,11,12,12,11,8,8,7,7,7,7,4,5,6,7,7,6,6,6
GGATC,9,9,6,5,6,8,7,5,5,6,10,11,11,10,8,8,11,11,11,11,8,7,12,11,11,7,6,12
GGATG,24,25,27,27,35,27,27,33,34,33,28,29,29,29,30,30,31,31,31,31,27,25,24,24,24,26,28,25
GGATT,13,13,15,16,15,14,12,17,17,17,13,13,13,13,14,13,9,9,9,9,10,10,11,13,13,9,9,16
GGCA,65,67,65,62,68,63,65,65,65,66,44,44,44,43,75,70,69,70,70,70,84,74,78,78,77,82,85,70
GGCAA,15,17,15,14,25,21,23,17,17,17,15,15,15,14,19,17,14,15,15,15,21,17,14,14,14,19,19,13
GGCAC,14,14,13,11,7,7,8,18,18,19,12,12,12,12,19,17,14,12,12,12,22,21,22,20,19,23,24,18
GGCAG,23,22,26,26,21,19,18,16,16,16,12,12,12,12,29,28,26,26,26,26,22,18,26,27,27,22,23,23
GGCAT,13,14,11,11,15,16,16,14,14,14,5,5,5,5,8,8,15,17,17,17,19,18,16,17,17,18,19,16
GGCC,45,46,42,42,41,40,38,47,47,48,41,43,43,40,60,56,64,67,66,66,53,59,74,76,76,60,60,69
GGCCA,28,29,14,14,14,17,16,18,18,19,19,19,19,18,29,29,25,27,26,26,23,26,30,29,29,28,29,27
GGCCC,9,9,12,10,10,6,6,10,10,11,8,10,10,8,8,6,16,17,17,17,9,9,16,16,16,11,11,13
GGCCG,1,2,5,6,7,9,6,8,8,7,7,7,7,7,5,4,11,11,11,11,6,9,11,12,12,8,7,12
GGCCT,7,6,11,12,10,8,10,11,11,11,7,7,7,7,18,17,12,12,12,12,15,15,17,19,19,13,13,17
GGCG,34,33,33,36,19,19,23,29,29,29,26,25,26,26,42,41,30,33,33,33,43,41,37,37,36,41,41,48
GGCGA,11,11,10,11,6,7,9,8,8,8,6,6,6,6,9,9,8,8,8,8,6,7,5,5,5,5,5,5
GGCGC,6,6,4,5,3,1,2,4,4,4,4,4,4,4,9,9,6,6,6,6,14,10,6,6,6,9,9,10
GGCGG,11,10,9,10,5,6,6,12,12,12,6,5,6,6,15,14,10,13,13,13,13,11,16,15,15,17,18,23
GGCGT,6,6,10,10,5,5,6,5,5,5,10,10,10,10,9,9,6,6,6,6,10,13,10,11,10,10,9,10
GGCT,64,63,69,69,56,59,59,75,74,74,69,69,69,68,75,74,73,72,74,73,83,82,73,73,73,68,69,79
GGCTA,9,7,12,12,7,6,5,9,9,9,11,11,11,10,7,7,13,11,12,12,11,8,11,13,13,4,4,16
GGCTC,23,23,22,23,18,19,18,18,19,17,13,12,12,13,21,20,12,12,12,12,18,20,15,16,16,14,15,16
GGCTG,18,18,27,25,22,22,25,30,30,31,30,31,31,30,25,25,28,27,28,27,31,32,31,30,30,32,34,29
GGCTT,14,15,8,9,9,12,11,18,16,17,15,15,15,15,22,22,20,22,22,22,23,22,16,14,14,18,16,18
GGGA,78,78,68,68,84,77,76,74,74,77,65,69,70,65,98,94,93,93,93,93,101,93,108,109,108,94,94,108
GGGAA,32,32,31,30,28,23,24,30,30,33,32,32,33,32,26,25,23,23,23,23,28,24,30,29,28,24,24,30
GGGAC,17,18,12,13,13,11,12,11,11,11,9,10,10,9,16,16,25,25,25,25,18,19,24,23,23,17,18,18
GGGAG,24,23,20,20,23,24,23,20,20,20,17,18,18,17,40,38,33,33,33,33,42,40,39,41,41,42,41,42
GGGAT,5,5,5,5,20,19,17,13,13,13,7,9,9,7,16,15,12,12,12,12,13,10,15,16,16,11,11,18
GGGC,51,51,45,45,40,30,32,50,50,50,35,34,35,35,65,63,58,58,58,58,58,59,59,57,57,62,63,56
GGGCA,12,13,13,12,11,9,10,14,14,14,6,6,6,6,19,18,13,13,13,13,19,18,17,17,17,23,23,13
GGGCC,14,16,9,11,10,11,9,13,13,13,7,7,7,7,16,16,16,16,16,16,13,15,15,15,15,12,11,17
GGGCG,11,9,8,9,8,4,5,9,9,9,8,7,8,8,8,7,10,11,11,11,11,9,9,9,9,8,9,10
GGGCT,14,13,15,13,11,6,8,14,14,14,14,14,14,14,22,22,19,18,18,18,15,17,18,16,16,19,20,16
GGGG,62,69,48,48,47,50,48,36,36,38,39,39,40,39,105,101,100,101,102,102,105,99,89,89,88,92,92,85
GGGGA,23,25,15,15,18,21,20,14,14,16,12,12,13,12,29,29,32,31,31,31,32,30,33,35,34,25,24,31
GGGGC,13,13,15,15,10,8,10,12,12,12,11,11,11,11,18,17,21,20,20,20,23,20,26,26,26,26,26,27
GGGGG,15,20,10,10,13,10,9,5,5,5,8,8,8,8,41,38,33,34,34,34,33,32,21,21,21,22,22,20
GGGGT,11,11,8,8,6,11,9,5,5,5,8,8,8,8,17,17,14,16,17,17,17,17,9,7,7,19,20,7
GGGT,39,40,36,35,37,43,36,36,35,36,30,30,30,29,39,37,40,40,41,41,48,41,37,31,31,41,42,29
GGGTA,10,9,7,7,6,5,4,4,4,4,7,7,7,7,6,5,4,3,3,3,6,3,6,5,5,2,2,5
GGGTC,11,11,10,10,10,8,8,10,9,10,5,6,5,5,12,12,6,8,7,7,13,12,12,11,11,10,11,11
GGGTG,11,13,14,13,11,17,14,11,10,11,11,11,11,11,10,9,17,16,16,16,15,15,13,8,8,15,15,8
GGGTT,7,7,5,5,10,13,10,11,12,11,7,6,7,6,11,11,13,13,15,15,14,11,6,7,7,14,14,5
GGTA,21,19,21,20,34,27,17,25,24,24,21,22,21,21,27,26,22,20,20,20,24,19,21,20,21,20,19,21
GGTAA,5,4,2,2,10,9,4,3,3,3,2,2,2,2,3,2,3,3,2,2,4,4,5,4,4,4,4,6
GGTAC,4,4,5,5,6,7,5,5,5,5,7,8,7,7,11,11,5,5,5,5,9,6,4,5,6,6,5,4
GGTAG,6,6,9,8,10,5,4,10,9,9,7,7,7,7,9,9,7,7,7,7,7,6,8,7,7,5,5,5
GGTAT,6,5,5,5,8,6,4,7,7,7,5,5,5,5,4,4,7,5,6,6,4,3,4,4,4,5,5,6
GGTC,38,39,37,40,31,29,33,31,30,30,35,36,35,35,49,48,41,44,43,43,57,56,44,42,42,41,42,42
GGTCA,17,18,17,18,16,15,18,13,13,13,14,14,14,14,19,19,18,20,20,20,25,23,18,17,17,17,18,15
GGTCC,9,9,7,9,4,4,5,5,5,5,11,11,11,11,11,11,8,9,8,8,12,15,8,9,9,7,7,12
GGTCG,6,6,4,5,7,4,4,5,4,5,5,6,5,5,11,10,6,7,7,7,7,6,6,5,5,6,6,4
GGTCT,6,6,9,8,4,6,6,8,8,7,5,5,5,5,8,8,8,8,8,8,13,12,12,11,11,11,11,11
GGTG,65,64,64,65,60,64,67,52,53,58,63,64,64,62,67,65,77,77,76,76,93,86,91,86,86,93,94,85
GGTGA,13,12,14,14,16,17,18,20,21,21,19,19,19,19,15,15,27,27,27,27,23,19,23,20,21,24,24,21
GGTGC,13,13,14,15,11,10,9,9,9,10,13,13,13,13,12,11,11,11,11,11,21,21,20,19,18,17,17,19
GGTGG,29,29,24,25,16,20,22,16,16,20,22,22,22,21,22,22,26,25,25,25,30,28,33,32,32,31,31,31
GGTGT,10,10,12,11,17,17,18,7,7,7,9,10,10,9,18,17,13,14,13,13,19,18,15,15,15,21,22,14
GGTT,35,35,34,32,45,46,45,49,51,51,26,27,28,25,43,42,45,44,46,47,50,44,49,48,48,58,57,46
GGTTA,8,8,9,9,7,7,7,9,10,11,3,5,5,2,5,5,6,5,6,6,4,5,6,5,5,8,7,3
GGTTC,12,12,8,9,7,9,8,13,13,13,7,7,7,7,8,7,16,15,16,15,10,8,17,17,17,15,15,17
GGTTG,10,10,9,8,18,21,20,15,16,15,12,11,12,12,18,18,16,16,16,17,23,19,17,18,18,22,21,20
GGTTT,5,5,8,6,13,9,10,12,12,12,4,4,4,4,12,12,7,8,8,9,13,12,9,8,8,13,14,6
GTAA,16,14,15,15,21,18,14,10,11,11,9,10,10,9,9,6,10,9,7,8,7,8,8,8,8,12,12,10
GTAAA,5,6,7,7,6,2,2,5,6,6,3,3,3,3,3,2,0,0,0,0,2,3,3,4,4,5,4,1
GTAAC,5,3,3,3,6,5,3,1,1,1,3,3,3,3,1,0,3,2,1,1,2,1,2,2,2,4,5,4
GTAAG,3,2,3,3,3,3,1,2,2,2,2,3,3,2,5,4,5,5,4,5,3,4,1,0,0,3,3,4
GTAAT,3,3,2,2,5,7,7,2,2,2,1,1,1,1,0,0,2,2,2,2,0,0,2,2,2,0,0,1
GTAC,22,21,17,17,17,22,24,20,20,20,21,22,20,21,24,24,18,19,18,18,27,22,19,20,20,19,18,14
GTACA,5,5,4,4,5,5,6,9,9,9,11,11,10,11,8,8,8,9,8,8,14,12,5,5,5,8,7,4
GTACC,5,5,0,0,5,4,6,3,3,3,5,5,5,5,3,3,5,4,4,4,5,4,7,7,7,5,5,5
GTACG,10,9,7,7,5,7,7,5,5,5,0,1,0,0,7,7,3,4,4,4,4,2,2,3,3,1,1,0
GTACT,2,2,6,6,2,6,5,3,3,3,5,5,5,5,6,6,2,2,2,2,4,4,5,5,5,5,5,5
GTAG,15,15,24,25,17,17,17,21,20,21,17,16,17,17,21,20,12,11,11,11,14,11,19,17,17,14,14,14
GTAGA,7,7,10,10,3,6,6,9,9,9,7,7,7,7,6,6,6,6,6,6,3,3,3,3,3,3,2,4
GTAGC,4,4,5,5,4,2,3,2,2,2,2,1,1,1,6,6,3,2,2,2,4,4,6,6,6,5,6,3
GTAGG,2,2,6,7,4,5,5,4,4,5,3,3,3,3,3,3,2,2,2,2,5,4,9,7,7,3,3,6
GTAGT,2,2,3,3,6,4,3,6,5,5,5,5,6,6,6,5,1,1,1,1,2,0,1,1,1,3,3,1
GTAT,20,22,16,18,21,19,16,25,25,25,21,21,21,21,17,17,20,21,22,22,12,11,21,20,21,17,18,17
GTATA,1,1,5,5,3,2,1,4,4,4,3,3,3,3,4,4,2,2,2,2,1,2,3,2,2,3,3,3
GTATC,4,5,4,4,2,4,4,3,3,3,1,2,1,1,2,2,2,4,4,4,3,0,2,2,2,2,2,3
GTATG,9,11,5,7,11,9,7,15,15,15,12,12,12,12,7,7,10,10,10,10,6,7,13,13,13,10,10,9
GTATT,6,5,2,2,5,4,4,3,3,3,5,4,5,5,4,4,6,5,6,6,2,2,3,3,4,2,3,2
GTCA,57,56,63,60,48,55,55,50,50,50,53,54,54,53,47,46,50,50,50,50,58,56,50,49,50,48,50,50
GTCAA,16,15,16,16,12,14,15,12,12,12,20,20,21,20,11,11,10,10,10,10,10,9,11,10,11,8,8,10
GTCAC,13,13,16,15,7,5,7,9,9,9,3,3,3,3,14,14,10,10,10,10,12,12,11,12,13,8,9,14
GTCAG,10,10,11,11,10,11,12,14,14,14,14,14,14,14,8,7,8,9,9,9,17,14,10,10,9,13,13,11
GTCAT,18,18,20,18,19,25,21,15,15,15,16,17,16,16,14,14,22,21,21,21,19,21,18,17,17,19,20,15
GTCC,27,28,30,32,21,17,18,26,27,28,33,31,33,33,31,30,29,29,28,28,33,37,29,29,29,30,28,35
GTCCA,9,9,13,13,7,3,3,13,14,15,10,10,10,10,13,13,5,5,5,5,9,9,8,8,8,10,10,11
GTCCC,6,7,5,7,8,11,11,3,3,3,5,5,5,5,8,8,8,8,7,7,10,12,8,8,8,7,7,7
GTCCG,5,5,4,4,0,0,0,4,4,4,4,3,4,4,5,4,6,6,6,6,5,6,5,5,5,4,4,8
GTCCT,7,7,8,8,6,3,4,6,6,6,14,13,14,14,5,5,10,10,10,10,9,10,8,8,8,9,7,9
GTCG,16,16,18,18,22,22,22,18,17,18,19,19,19,19,29,27,25,25,25,25,27,26,25,25,25,20,18,26
GTCGA,1,1,1,1,3,2,2,6,5,6,6,6,6,6,2,2,3,3,3,3,7,7,5,5,5,6,4,4
GTCGC,7,7,7,7,7,7,5,2,2,2,4,3,4,4,11,10,9,9,9,9,8,6,6,6,6,3,3,6
GTCGG,2,2,7,7,5,6,7,5,5,5,2,2,2,2,5,5,6,6,6,6,6,6,7,7,7,4,4,6
GTCGT,6,6,3,3,7,7,8,5,5,5,7,8,7,7,11,10,7,7,7,7,6,7,7,7,7,7,7,10
GTCT,29,31,31,31,22,24,23,24,25,25,26,27,26,25,21,21,18,20,20,20,28,29,27,27,27,36,39,28
GTCTA,4,4,3,3,3,5,6,5,5,5,2,2,2,2,4,4,4,4,4,4,3,6,3,3,3,8,8,2
GTCTC,11,10,9,9,2,2,1,7,7,7,6,6,5,6,3,3,1,1,1,1,5,5,4,4,4,8,8,4
GTCTG,3,5,6,6,4,6,5,2,2,3,13,13,13,12,8,8,10,11,11,11,10,9,10,10,10,9,9,11
GTCTT,11,12,13,13,13,11,11,10,11,10,5,6,6,5,6,6,3,4,4,4,10,9,10,10,10,11,14,11
GTGA,43,42,51,51,56,55,60,55,56,55,66,66,66,66,76,72,75,78,78,78,79,71,80,80,80,75,74,76
GTGAA,16,16,20,20,19,18,18,15,14,14,18,18,18,18,11,11,16,17,17,17,16,15,14,15,15,18,18,15
GTGAC,9,10,13,11,16,19,21,15,16,15,14,14,14,14,26,24,25,26,26,26,26,24,20,21,21,20,19,20
GTGAG,7,6,9,10,11,10,11,9,10,10,12,12,12,12,26,24,16,17,17,17,21,16,27,25,25,17,17,22
GTGAT,11,10,9,10,10,8,10,16,16,16,22,22,22,22,13,13,18,18,18,18,16,16,19,19,19,20,20,18
GTGC,53,54,48,48,42,40,39,40,39,41,43,45,45,41,42,39,30,32,31,31,45,44,48,48,47,44,44,48
GTGCA,18,18,13,13,11,11,13,9,9,9,12,13,13,11,9,9,7,7,7,6,14,13,9,9,9,10,10,9
GTGCC,10,10,13,14,10,11,10,11,11,11,11,12,12,10,10,10,9,11,10,10,10,10,15,15,15,8,8,16
GTGCG,6,6,6,5,1,1,1,4,4,5,7,7,7,7,10,8,6,6,6,7,7,6,10,10,10,11,11,7
GTGCT,19,20,16,16,20,17,15,16,15,16,13,13,13,13,13,12,8,8,8,8,14,15,14,14,13,15,15,16
GTGG,98,97,89,90,80,89,89,85,85,89,72,72,72,71,119,119,123,122,122,122,122,118,124,125,125,130,130,130
GTGGA,36,37,33,33,33,33,32,22,22,25,34,34,34,33,45,45,44,44,44,44,29,29,42,42,42,40,41,44
GTGGC,22,22,20,20,17,21,21,20,20,21,15,15,15,15,30,31,31,31,31,31,38,38,36,36,36,31,31,35
GTGGG,20,19,17,17,12,16,16,22,22,22,9,9,9,9,20,20,21,20,20,20,21,19,14,14,14,24,24,20
GTGGT,20,19,19,20,18,19,20,21,21,21,14,14,14,14,24,23,27,27,27,27,34,32,32,33,33,35,34,31
GTGT,36,35,37,36,40,36,33,38,39,38,45,46,46,45,55,47,49,48,47,47,68,68,62,64,64,58,58,59
GTGTA,3,3,3,4,2,4,4,2,2,2,5,5,5,5,7,6,3,3,3,3,8,7,5,5,5,6,6,4
GTGTC,2,2,5,5,9,8,7,13,13,13,12,12,12,12,10,9,11,8,8,8,15,18,14,14,14,13,12,14
GTGTG,19,19,17,15,16,13,11,13,13,13,12,12,12,12,25,20,23,24,24,24,31,30,24,26,26,23,24,27
GTGTT,12,11,12,12,13,11,11,10,11,10,16,17,17,16,13,12,12,13,12,12,14,13,19,19,19,16,16,14
GTTA,19,19,15,19,25,23,26,32,33,33,14,19,18,14,14,13,17,17,17,17,12,12,12,11,11,19,18,9
GTTAA,5,5,4,4,6,4,5,9,9,9,1,3,2,0,4,4,2,1,1,1,1,2,1,2,2,3,3,2
GTTAC,4,5,2,3,6,7,6,8,8,8,6,6,6,6,3,3,6,4,4,4,6,5,7,6,6,5,5,3
GTTAG,7,7,9,11,9,7,8,9,10,11,3,6,6,4,3,2,6,9,9,9,1,2,2,2,2,6,6,2
GTTAT,3,2,0,1,4,5,7,6,6,5,4,4,4,4,4,4,3,3,3,3,4,3,2,1,1,5,4,2
GTTC,42,42,26,25,29,30,30,41,42,42,33,32,32,33,35,32,41,39,40,39,35,28,44,43,43,32,32,40
GTTCA,8,8,6,6,13,11,13,14,13,13,11,11,11,11,7,7,15,15,15,14,10,9,16,16,16,12,12,13
GTTCC,12,12,8,8,9,8,8,10,11,10,9,9,9,9,11,11,12,11,12,12,10,9,11,11,11,8,8,10
GTTCG,11,11,3,3,4,4,2,5,6,7,4,4,4,4,3,3,3,3,3,3,5,4,7,7,7,4,4,7
GTTCT,11,11,9,8,3,7,7,12,12,12,9,8,8,9,14,11,11,10,10,10,10,6,10,9,9,8,8,10
GTTG,37,37,43,42,55,55,53,47,49,48,61,60,62,61,53,50,60,61,60,60,60,55,62,63,63,66,65,63
GTTGA,12,12,12,13,21,20,21,17,19,17,18,19,18,18,17,15,18,20,19,19,15,15,16,16,16,13,12,17
GTTGC,5,5,7,7,8,8,9,4,4,4,6,7,6,6,11,10,8,7,8,8,14,12,6,6,6,14,14,11
GTTGG,18,18,16,14,16,18,14,15,15,15,25,25,25,25,18,18,22,21,21,21,17,16,26,26,26,28,28,21
GTTGT,2,2,8,8,10,9,9,11,11,12,12,9,13,12,7,7,12,13,12,12,14,12,14,15,15,11,11,14
GTTT,30,28,40,36,35,36,35,36,35,38,42,43,43,42,36,35,31,32,31,32,27,29,20,19,19,26,26,21
GTTTA,8,8,5,5,4,3,3,4,4,4,7,7,7,7,5,4,5,5,5,6,3,3,2,2,2,1,2,3
GTTTC,8,8,10,7,6,5,5,9,9,10,6,6,6,6,9,9,5,4,4,4,3,7,6,6,6,3,3,7
GTTTG,7,6,11,10,16,17,17,11,11,11,19,19,19,19,15,15,11,12,11,11,15,13,9,8,8,14,14,10
GTTTT,7,6,14,14,9,11,10,12,11,13,10,11,11,10,7,7,10,11,11,11,6,6,3,3,3,8,7,1
TAAA,22,23,19,21,29,26,24,16,16,16,18,18,18,18,12,10,12,10,10,11,13,14,17,17,17,18,17,17
TAAAA,7,9,7,7,7,7,7,5,5,5,4,4,4,4,1,0,0,0,0,0,4,5,5,6,6,8,7,3
TAAAC,5,5,4,5,4,1,2,5,5,5,3,3,3,3,1,1,1,1,1,1,2,2,3,3,3,4,4,5
TAAAG,9,8,4,5,12,10,8,4,3,3,5,5,5,5,8,8,9,7,7,8,4,5,7,6,6,6,6,8
TAAAT,1,1,4,4,6,8,7,2,3,3,6,6,6,6,2,1,2,2,2,2,3,2,2,2,2,0,0,1
TAAC,16,15,19,18,32,27,26,19,20,20,13,14,15,11,11,9,9,8,7,7,13,16,10,13,13,16,17,14
TAACA,5,6,7,6,17,17,13,12,13,13,6,6,6,5,5,5,5,4,4,4,8,9,5,7,7,6,6,8
TAACC,4,3,9,9,6,5,5,5,5,5,2,3,4,1,2,2,1,1,1,1,1,0,4,4,4,6,7,5
TAACG,4,2,0,0,4,4,5,1,1,1,2,2,2,2,1,1,2,2,1,1,1,6,0,1,1,3,3,0
TAACT,3,4,3,3,5,1,3,1,1,1,3,3,3,3,3,1,1,1,1,1,3,1,1,1,1,1,1,1
TAAG,13,11,11,12,20,12,12,17,17,18,17,18,18,17,15,14,11,12,12,13,10,12,10,9,9,8,7,13
TAAGA,3,3,4,4,6,4,2,7,7,7,5,5,5,5,6,5,2,2,2,2,3,2,1,1,1,1,1,3
TAAGC,1,1,1,1,2,3,2,4,4,5,4,5,5,4,4,4,2,2,2,2,1,3,1,1,1,0,0,2
TAAGG,6,4,6,7,8,4,5,3,3,3,6,6,6,6,2,2,6,7,7,8,5,5,7,6,6,6,6,6
TAAGT,3,3,0,0,4,1,3,3,3,3,2,2,2,2,3,3,1,1,1,1,1,2,1,1,1,1,0,2
TAAT,12,12,13,13,22,24,25,10,10,10,10,11,10,10,11,10,12,8,10,8,6,7,9,7,7,9,9,7
TAATA,0,0,0,0,6,5,4,1,1,1,2,2,2,2,1,1,1,1,1,0,0,0,1,0,0,2,2,0
TAATC,2,2,2,1,1,2,2,0,0,0,2,1,2,2,3,3,3,3,3,3,2,2,3,3,3,1,1,2
TAATG,8,8,9,9,11,10,12,4,4,4,5,6,5,5,6,5,6,3,5,4,4,5,4,3,3,4,4,5
TAATT,2,2,2,3,4,7,7,5,5,5,1,2,1,1,1,1,2,1,1,1,0,0,1,1,1,2,2,0
TACA,24,26,25,26,36,38,38,39,39,39,43,43,42,43,21,21,31,31,30,31,27,26,22,23,22,28,26,21
TACAA,5,5,5,5,13,13,14,13,13,13,9,9,9,9,6,6,6,6,6,6,7,6,3,3,3,4,5,3
TACAC,6,6,6,6,4,3,3,6,6,6,11,11,10,11,5,5,6,6,6,6,6,8,9,9,9,11,11,8
TACAG,7,8,7,8,8,11,10,8,8,8,12,12,12,12,5,5,11,11,11,12,7,6,5,6,6,5,3,4
TACAT,6,7,7,7,11,11,11,12,12,12,11,11,11,11,5,5,8,8,7,7,7,6,5,5,4,8,7,6
TACC,20,22,22,25,20,19,21,23,22,22,23,24,23,23,15,15,18,18,18,18,20,19,27,27,27,18,18,23
TACCA,6,7,10,12,11,9,9,11,10,10,12,12,12,12,7,7,9,10,10,10,10,9,11,10,10,8,8,8
TACCC,4,5,4,4,4,3,3,5,5,5,6,6,5,6,1,1,4,3,3,3,2,2,3,3,3,2,2,1
TACCG,6,6,4,5,2,5,4,2,2,2,2,3,3,2,6,6,2,2,2,2,5,6,5,6,6,5,5,4
TACCT,4,4,4,4,3,2,5,5,5,5,3,3,3,3,1,1,3,3,3,3,3,2,8,8,8,3,3,10
TACG,25,24,22,22,22,18,16,13,14,15,13,13,12,13,14,14,15,15,16,16,17,12,11,13,13,12,13,13
TACGA,7,7,8,8,5,3,3,1,2,2,1,1,1,1,1,1,1,1,1,1,2,1,1,1,1,4,4,0
TACGC,4,4,4,4,6,7,5,6,6,6,5,5,5,5,9,9,10,9,10,10,2,2,3,3,3,3,3,2
TACGG,8,6,6,5,6,5,7,5,5,6,2,1,1,2,3,3,3,3,3,3,11,7,3,5,5,3,4,6
TACGT,6,7,4,5,5,3,1,1,1,1,5,6,5,5,1,1,1,2,2,2,2,2,4,4,4,2,2,5
TACT,17,18,25,29,26,29,29,20,20,20,23,22,22,23,27,26,26,25,25,25,28,21,25,24,24,20,20,20
TACTA,4,4,6,8,1,2,3,6,6,6,4,4,4,4,5,4,1,1,1,1,4,1,4,4,4,2,2,3
TACTC,3,3,5,5,6,8,9,2,2,2,5,5,5,5,5,5,11,9,9,9,10,8,9,9,10,7,7,8
TACTG,7,8,9,10,16,15,14,9,9,9,10,9,9,10,8,8,10,10,10,10,7,6,7,6,5,9,9,5
TACTT,3,3,5,6,3,4,3,3,3,3,4,4,4,4,9,9,4,5,5,5,7,6,5,5,5,2,2,4
TAGA,37,37,42,43,28,30,26,21,23,27,15,20,20,15,19,19,23,27,26,25,19,19,17,19,18,23,23,18
TAGAA,7,8,14,15,3,3,3,6,6,6,2,2,2,2,7,7,7,7,7,7,2,3,6,6,6,6,6,6
TAGAC,9,8,9,10,4,3,3,6,6,8,5,6,6,5,5,5,7,7,7,7,2,1,3,4,3,3,4,2
TAGAG,14,14,15,14,13,12,11,5,7,9,5,9,9,5,3,3,8,11,11,10,12,10,6,7,7,9,9,8
TAGAT,7,7,4,4,8,12,9,4,4,4,3,3,3,3,4,4,1,1,1,1,3,5,2,2,2,5,4,2
TAGC,28,29,33,31,27,16,18,21,21,21,21,20,20,20,18,17,18,18,16,17,13,14,17,16,16,18,18,13
TAGCA,7,6,8,7,8,5,7,4,4,4,8,8,8,8,4,4,9,9,9,9,3,4,5,5,5,5,4,6
TAGCC,8,8,9,8,7,5,5,6,6,6,3,3,3,3,7,6,3,3,3,3,5,3,7,7,7,5,5,3
TAGCG,5,6,8,7,6,3,3,0,0,0,4,4,4,4,3,3,3,3,2,2,1,2,3,2,2,3,3,3
TAGCT,8,9,8,9,6,3,3,11,11,11,6,5,5,5,4,4,3,3,2,3,4,5,2,2,2,5,6,1
TAGG,25,23,29,31,25,21,27,27,28,30,22,23,23,22,18,15,17,18,18,18,12,15,16,14,14,13,14,13
TAGGA,9,9,7,8,7,5,9,7,8,9,12,13,12,12,6,4,6,6,6,6,8,9,4,4,4,3,3,4
TAGGC,5,4,9,9,2,3,2,6,6,6,3,3,3,3,4,3,1,3,3,3,1,3,2,2,2,1,2,2
TAGGG,9,8,9,10,12,10,9,8,8,8,5,5,6,5,5,5,4,4,4,4,2,2,9,8,8,5,5,6
TAGGT,2,2,4,4,4,3,7,6,6,7,2,2,2,2,3,3,6,5,5,5,1,1,1,0,0,4,4,1
TAGT,18,19,22,22,14,22,20,23,21,22,21,20,22,21,17,15,11,11,11,11,13,14,16,19,19,19,19,13
TAGTA,3,3,2,4,4,5,5,2,2,2,2,2,2,2,1,0,2,2,2,2,0,0,0,0,0,1,2,0
TAGTC,4,3,4,4,4,6,6,5,5,6,1,0,1,1,4,3,1,1,1,1,2,1,2,2,2,2,2,1
TAGTG,10,12,13,11,5,8,6,14,12,12,10,9,10,9,9,10,6,6,6,6,10,12,12,15,15,15,14,10
TAGTT,1,1,3,3,1,3,3,2,2,2,8,9,9,9,3,2,2,2,2,2,1,1,2,2,2,1,1,2
TATA,5,4,12,14,13,11,12,10,10,10,8,8,8,8,8,7,8,8,9,8,8,6,6,6,6,10,12,9
TATAA,1,1,3,4,2,5,3,1,1,1,4,4,4,4,0,0,0,0,1,0,1,0,2,2,2,2,2,4
TATAC,1,1,3,3,5,4,4,5,5,5,0,0,0,0,3,2,3,3,3,3,5,2,2,3,3,2,2,3
TATAG,1,1,5,5,5,0,1,4,4,4,3,3,3,3,4,4,4,4,4,4,1,3,2,1,1,3,4,1
TATAT,2,1,1,2,1,2,4,0,0,0,1,1,1,1,1,1,1,1,1,1,1,1,0,0,0,3,4,1
TATC,25,24,15,17,16,13,12,13,13,12,14,16,15,14,12,12,11,13,13,13,11,7,5,5,5,10,10,11
TATCA,9,9,8,8,4,3,4,6,7,6,5,7,6,5,4,4,4,6,6,6,1,0,1,1,1,1,1,2
TATCC,3,2,0,2,4,3,4,3,3,2,5,5,5,5,0,0,1,1,1,1,4,2,0,0,0,2,2,3
TATCG,6,6,2,2,2,2,1,2,1,2,1,1,1,1,3,3,3,3,3,3,3,2,2,2,2,2,2,5
TATCT,7,7,5,5,6,5,3,2,2,2,3,3,3,3,5,5,3,3,3,3,3,3,2,2,2,5,5,1
TATG,32,34,28,29,39,40,48,43,43,42,37,37,37,36,30,30,30,30,29,31,26,24,33,32,32,34,32,32
TATGA,5,5,5,6,7,5,8,10,10,9,9,9,9,9,5,5,6,7,6,8,5,5,8,8,8,5,5,6
TATGC,8,8,7,7,8,9,14,9,9,9,6,6,6,6,4,4,4,4,4,4,7,7,7,7,7,9,9,9
TATGG,13,14,8,9,16,19,17,17,17,17,15,16,16,15,13,13,15,14,14,14,7,7,13,12,12,13,11,11
TATGT,6,7,8,7,8,7,9,7,7,7,6,6,6,6,8,8,5,5,5,5,7,5,5,5,5,7,7,6
TATT,12,12,13,15,23,21,26,19,20,20,22,23,23,22,13,13,22,19,20,20,10,11,6,5,6,9,10,6
TATTA,0,0,0,0,4,2,5,3,3,3,6,5,6,6,1,1,4,3,3,3,3,3,1,1,1,2,2,1
TATTC,7,7,4,4,3,6,3,4,4,5,2,3,2,2,4,4,6,5,5,5,4,4,1,1,1,2,2,1
TATTG,4,4,7,9,8,8,10,7,8,8,10,12,11,10,6,6,7,7,7,7,2,3,1,1,2,3,4,1
TATTT,1,1,2,2,8,5,8,5,5,4,4,3,4,4,2,2,5,4,5,5,1,1,3,2,2,2,2,3
TCAA,63,62,58,55,39,46,46,58,58,59,56,56,57,56,39,40,45,47,46,46,45,44,44,44,45,37,37,41
TCAAA,13,14,18,18,11,12,11,16,16,17,15,15,16,15,10,10,8,8,8,7,10,10,9,9,9,11,11,8
TCAAC,19,18,17,16,6,11,10,21,21,22,16,17,16,16,9,9,9,9,9,9,10,8,11,10,11,9,9,11
TCAAG,19,18,12,11,10,13,13,13,12,12,11,11,11,11,12,12,15,14,14,14,14,14,11,12,12,9,9,9
TCAAT,12,12,11,10,12,10,12,8,9,8,14,13,14,14,8,9,13,16,15,16,11,12,13,13,13,8,8,13
TCAC,56,57,53,52,34,33,36,48,47,47,39,40,40,39,44,41,44,44,44,43,40,39,38,39,40,36,35,46
TCACA,17,17,18,18,15,11,14,9,9,9,11,11,11,11,16,15,14,15,15,14,12,11,11,11,11,11,10,11
TCACC,16,17,14,14,5,4,5,14,14,14,12,12,12,12,11,10,10,9,10,10,10,7,14,14,14,10,10,12
TCACG,9,9,8,9,8,10,9,7,7,7,8,9,9,8,9,8,10,9,9,9,6,5,6,6,7,5,5,7
TCACT,14,14,13,11,6,8,8,18,17,17,8,8,8,8,8,8,10,11,10,10,12,16,7,8,8,10,10,16
TCAG,49,48,42,44,45,49,51,50,51,49,47,46,47,47,41,39,41,40,42,42,52,51,46,44,44,47,47,52
TCAGA,12,12,10,10,12,11,12,17,18,17,17,17,17,17,7,7,11,12,12,12,16,16,14,14,15,14,13,17
TCAGC,16,15,11,12,13,17,16,12,12,11,11,11,11,11,8,8,10,9,10,10,12,13,11,12,11,11,12,13
TCAGG,12,12,15,16,16,16,16,11,11,11,9,9,9,9,15,15,11,10,11,11,17,16,13,12,12,15,15,14
TCAGT,9,9,6,6,4,5,7,10,10,10,10,9,10,10,11,9,9,9,9,9,7,6,8,6,6,7,7,8
TCAT,47,46,53,49,50,57,55,51,52,53,57,58,57,57,48,48,54,53,53,53,43,46,45,45,45,49,50,41
TCATA,11,12,12,10,10,12,11,6,6,7,7,7,7,7,11,11,6,6,6,6,6,6,6,6,6,6,6,7
TCATC,8,7,10,10,7,9,11,14,14,14,16,17,16,16,15,15,12,12,12,13,12,14,6,6,6,8,7,6
TCATG,18,17,19,20,23,21,21,23,23,23,26,26,26,26,14,14,21,21,21,21,22,21,22,22,22,20,21,21
TCATT,10,10,12,9,10,15,12,8,9,9,8,8,8,8,8,8,15,14,14,13,3,5,11,11,11,15,16,7
TCCA,47,47,43,42,42,38,41,41,43,44,45,46,45,45,45,45,42,42,42,42,34,33,40,39,39,32,32,39
TCCAA,16,15,12,12,7,9,10,12,14,14,10,11,10,10,9,9,10,10,10,10,11,10,8,8,8,6,6,7
TCCAC,5,8,6,6,5,7,7,10,10,10,8,8,8,8,9,10,8,8,8,7,9,7,11,9,9,6,6,10
TCCAG,13,13,15,14,17,11,13,11,11,11,18,18,18,18,13,12,11,11,11,11,7,6,11,10,10,12,12,12
TCCAT,13,11,10,10,13,11,11,8,8,9,9,9,9,9,14,14,13,13,13,14,7,10,10,12,12,8,8,10
TCCC,27,28,23,24,21,22,26,30,29,30,24,24,24,24,30,27,28,28,27,27,29,28,30,33,33,26,27,27
TCCCA,7,7,6,7,5,6,8,13,13,13,6,7,7,7,7,7,6,5,5,5,10,9,8,9,9,8,8,6
TCCCC,7,7,6,6,4,6,6,9,8,9,5,4,4,4,4,3,6,6,6,6,6,7,6,6,6,4,4,6
TCCCG,3,4,5,5,3,4,5,3,3,3,4,4,4,4,8,7,10,11,10,10,6,5,10,11,11,4,5,8
TCCCT,10,10,6,6,9,6,7,5,5,5,9,9,9,9,11,10,6,6,6,6,7,7,6,7,7,10,10,7
TCCG,18,18,21,20,10,9,7,15,15,16,16,15,16,16,25,23,20,21,21,21,18,18,20,20,20,20,20,23
TCCGA,3,3,2,3,4,1,2,3,3,4,1,1,1,1,1,1,4,3,4,4,4,4,4,4,4,6,6,7
TCCGC,4,4,4,4,1,2,1,3,3,3,4,4,4,4,6,4,4,5,5,5,3,3,2,2,2,3,3,4
TCCGG,7,7,8,6,3,5,3,3,3,3,4,4,4,4,16,16,9,10,9,9,8,8,10,10,10,7,7,7
TCCGT,4,4,7,7,2,1,1,6,6,6,7,6,7,7,2,2,3,3,3,3,3,3,4,4,4,4,4,5
TCCT,29,28,42,42,25,28,22,34,33,35,35,35,35,35,34,31,35,35,36,37,36,29,37,37,37,39,36,39
TCCTA,7,7,10,10,7,8,6,4,4,4,7,6,7,7,1,0,5,5,5,5,6,4,4,4,4,8,6,4
TCCTC,5,4,10,11,6,4,4,7,6,7,4,4,4,4,6,5,7,6,7,7,5,2,8,8,8,10,9,9
TCCTG,10,10,15,14,10,12,8,16,16,17,12,13,12,12,16,15,12,13,13,14,18,17,16,17,17,17,17,18
TCCTT,7,7,7,7,2,4,4,7,7,7,12,12,12,12,11,11,11,11,11,11,7,6,9,8,8,4,4,8
TCGA,15,15,18,19,14,14,11,17,16,17,22,22,22,22,13,13,13,10,10,10,20,20,25,23,23,19,16,24
TCGAA,7,7,7,7,3,2,2,3,3,3,7,7,7,7,2,2,4,3,3,3,3,2,4,4,4,4,2,5
TCGAC,3,2,2,2,4,6,5,4,3,4,6,6,6,6,3,3,4,4,4,4,3,5,9,8,8,5,5,7
TCGAG,2,2,6,6,6,4,2,6,6,6,6,6,6,6,4,4,3,1,1,1,10,10,7,6,6,6,5,7
TCGAT,3,4,3,4,1,2,2,4,4,4,3,3,3,3,4,4,2,2,2,2,4,3,4,5,5,4,4,5
TCGC,32,31,26,28,15,15,13,15,15,15,20,18,19,19,24,23,20,19,19,19,17,14,16,16,16,14,14,15
TCGCA,7,8,7,8,1,2,1,9,9,9,9,8,9,9,8,8,5,4,4,4,5,4,4,3,3,3,3,5
TCGCC,9,9,7,7,4,3,3,3,3,3,4,4,4,3,7,7,5,6,6,6,3,2,7,6,6,5,5,5
TCGCG,9,7,4,4,5,2,3,0,0,0,0,0,0,0,5,5,4,3,3,3,2,2,2,3,3,3,3,2
TCGCT,7,7,8,9,5,8,6,3,3,3,7,6,6,7,4,3,6,6,6,6,7,6,3,4,4,3,3,3
TCGG,30,30,24,25,17,19,15,19,18,19,19,19,19,19,24,21,25,24,24,24,32,32,33,32,32,28,28,30
TCGGA,12,12,12,11,4,3,3,7,6,6,6,6,6,6,9,8,6,6,6,6,11,11,18,17,17,15,15,13
TCGGC,6,6,4,4,6,6,5,2,2,2,4,4,4,4,6,6,6,6,6,6,5,6,5,5,5,6,5,6
TCGGG,6,6,2,4,3,7,5,6,6,7,4,4,4,4,7,5,8,7,7,7,10,9,5,5,5,7,7,4
TCGGT,6,6,6,6,4,3,2,4,4,4,5,5,5,5,2,2,5,5,5,5,6,6,5,5,5,0,1,7
TCGT,32,33,28,28,14,18,17,18,19,19,22,24,22,22,23,22,20,20,20,20,17,19,19,20,20,22,23,25
TCGTA,3,4,4,4,1,3,4,2,2,2,1,1,1,1,2,2,1,1,1,1,1,1,1,2,2,1,3,3
TCGTC,10,10,12,11,1,2,1,3,3,3,3,3,3,3,4,4,5,4,4,4,4,5,5,4,4,6,6,5
TCGTG,12,12,9,10,10,10,10,8,9,9,12,13,12,12,15,14,12,13,13,13,9,9,11,12,12,12,11,13
TCGTT,7,7,3,3,2,3,2,5,5,5,6,7,6,6,2,2,2,2,2,2,3,4,2,2,2,3,3,4
TCTA,18,18,18,17,10,17,20,19,20,20,20,20,21,20,17,17,18,19,19,19,12,15,14,15,15,15,16,14
TCTAA,3,3,2,1,2,4,5,5,5,5,4,3,5,4,6,6,2,2,2,2,1,2,2,2,2,1,1,1
TCTAC,8,7,3,3,4,4,5,6,7,7,7,7,7,7,2,2,5,5,5,5,4,5,7,7,7,3,4,6
TCTAG,4,4,7,7,2,6,6,5,5,5,7,7,7,7,5,5,5,6,6,6,1,2,4,5,5,4,4,3
TCTAT,3,4,6,6,2,3,4,3,3,3,2,3,2,2,4,4,6,6,6,6,6,6,1,1,1,7,7,4
TCTC,32,31,33,31,19,19,15,33,35,33,34,33,32,34,24,23,22,23,22,22,29,26,25,25,25,27,29,20
TCTCA,11,13,10,9,8,8,6,14,14,13,10,10,10,10,17,17,8,8,8,8,9,9,9,9,9,11,13,8
TCTCC,5,4,8,8,3,2,1,5,6,5,7,7,7,7,2,1,4,5,4,4,4,3,6,6,6,4,4,4
TCTCG,10,8,9,8,5,5,4,7,7,7,9,8,8,9,3,3,4,4,4,4,4,3,6,6,6,6,6,4
TCTCT,6,6,6,6,3,4,4,7,8,8,8,8,7,8,2,2,6,6,6,6,12,11,4,4,4,6,6,4
TCTG,40,40,35,34,32,32,33,45,46,47,51,48,49,50,42,41,50,48,48,46,49,54,60,60,60,48,47,61
TCTGA,9,8,6,6,6,9,8,12,12,12,12,10,9,12,6,6,12,10,10,9,9,8,9,9,9,10,10,8
TCTGC,9,9,12,11,4,5,6,8,9,10,11,11,12,10,9,9,6,5,6,6,5,7,8,7,7,4,4,9
TCTGG,16,17,13,13,16,13,15,20,20,20,18,18,18,18,19,19,25,25,25,24,31,33,38,39,39,26,26,38
TCTGT,6,6,4,4,6,5,4,5,5,5,10,9,10,10,8,7,7,8,7,7,4,6,5,5,5,8,7,6
TCTT,41,42,37,38,34,25,30,40,42,41,30,33,32,30,39,36,27,31,30,31,37,33,37,35,35,41,43,37
TCTTA,8,7,11,8,5,5,6,3,3,4,5,6,4,5,2,2,5,7,7,7,2,3,1,1,1,3,4,4
TCTTC,12,13,8,8,7,5,7,10,11,12,5,6,6,5,9,8,5,5,4,5,7,8,11,11,11,5,7,12
TCTTG,16,17,12,16,18,14,15,12,13,11,14,15,15,14,19,17,12,13,13,13,19,16,21,19,19,24,23,15
TCTTT,5,5,6,6,4,1,2,15,15,14,6,6,7,6,9,9,5,6,6,6,9,6,4,4,4,9,9,6
TGAA,56,57,63,62,74,71,70,66,65,65,69,69,69,68,52,51,65,67,67,68,61,57,53,56,56,56,58,54
TGAAA,19,18,19,19,19,16,16,15,15,15,20,19,19,19,19,19,20,21,21,22,19,16,17,19,18,17,17,19
TGAAC,8,10,14,14,10,14,11,10,10,11,10,10,10,10,12,11,9,10,10,10,15,15,9,9,9,16,16,12
TGAAG,24,24,24,22,29,30,30,33,33,32,28,29,29,28,16,16,25,25,25,25,14,15,15,16,17,18,20,15
TGAAT,5,5,6,7,16,11,13,8,7,7,11,11,11,11,5,5,11,11,11,11,13,11,12,12,12,5,5,8
TGAC,58,60,59,59,64,64,66,66,66,65,57,58,58,57,75,72,66,66,66,66,75,71,65,67,67,57,54,61
TGACA,25,25,25,22,30,32,33,31,31,30,15,16,16,15,37,36,30,32,32,32,29,25,32,32,32,25,24,26
TGACC,15,17,15,17,16,12,13,14,15,14,16,15,16,16,13,13,10,9,9,9,18,19,10,10,10,13,11,8
TGACG,6,7,8,8,6,6,8,8,8,8,10,10,10,10,13,12,12,11,11,11,15,14,9,9,9,5,5,10
TGACT,12,11,11,12,12,14,12,13,12,13,16,17,16,16,12,11,14,14,14,14,13,13,14,16,16,14,14,17
TGAG,45,42,42,43,58,61,66,58,59,59,69,69,69,69,69,65,45,48,47,47,76,70,83,78,78,68,68,77
TGAGA,17,16,17,17,21,22,25,23,23,23,24,24,24,24,21,18,12,12,12,11,18,15,23,22,22,21,21,20
TGAGC,10,9,11,11,11,9,11,12,13,12,9,8,9,9,9,8,8,9,9,9,14,13,19,19,19,13,13,20
TGAGG,13,12,11,13,21,25,25,16,16,17,23,23,23,23,24,24,14,16,15,16,32,29,31,27,27,25,25,29
TGAGT,5,5,3,2,5,5,5,7,7,7,13,14,13,13,15,14,11,11,11,11,12,13,10,10,10,9,9,8
TGAT,39,38,48,49,57,48,50,62,62,63,68,68,68,68,48,48,49,50,50,51,54,52,56,55,55,56,57,57
TGATA,2,2,3,5,11,8,8,8,8,9,9,9,9,9,4,4,2,2,2,3,9,11,6,6,6,9,9,6
TGATC,9,9,9,8,4,8,7,11,11,11,12,11,12,12,8,8,9,10,10,10,8,10,16,14,14,10,10,13
TGATG,22,22,27,27,23,20,22,31,32,32,28,28,28,28,30,30,33,33,33,33,29,27,30,30,30,31,32,33
TGATT,6,5,9,9,19,12,13,11,11,11,19,20,19,19,6,6,5,5,5,5,8,4,4,5,5,6,6,5
TGCA,45,45,48,43,49,50,52,41,41,41,48,49,48,47,40,39,29,30,30,29,51,47,38,39,39,42,42,40
TGCAA,13,14,15,14,15,15,15,10,10,10,14,14,14,15,7,7,4,4,4,4,9,10,6,7,7,6,6,6
TGCAC,8,9,10,10,10,12,13,11,11,11,11,12,12,11,16,15,8,9,9,9,15,16,11,11,11,8,8,11
TGCAG,16,15,15,12,13,14,15,14,14,14,15,15,14,13,9,9,10,10,10,9,16,15,15,14,14,18,18,17
TGCAT,8,7,8,7,11,9,9,6,6,6,8,8,8,8,8,8,7,7,7,7,11,6,6,7,7,10,10,6
TGCC,44,43,42,43,31,35,34,46,46,46,50,50,51,49,43,43,38,41,40,40,45,44,42,43,43,39,40,48
TGCCA,16,15,17,16,13,17,16,20,20,20,20,20,21,20,19,19,14,17,16,16,10,13,13,13,13,11,11,15
TGCCC,9,8,12,13,7,5,5,7,7,7,11,11,11,10,8,8,9,9,9,9,9,7,11,11,11,4,4,13
TGCCG,10,10,5,6,4,7,8,7,7,7,7,7,7,7,7,7,8,8,8,8,16,14,6,6,6,8,10,6
TGCCT,9,10,8,8,7,6,5,12,12,12,12,12,12,12,9,9,7,7,7,7,10,10,12,13,13,16,15,14
TGCG,24,24,20,19,16,13,15,13,15,16,27,27,27,26,25,23,26,25,26,27,25,23,34,33,33,30,29,26
TGCGA,5,6,5,5,2,3,5,9,10,10,9,9,9,8,3,3,5,5,5,5,4,5,6,6,6,5,5,7
TGCGC,6,4,2,2,1,1,1,1,1,1,5,5,5,5,7,7,7,5,7,7,7,7,8,8,8,8,8,7
TGCGG,10,10,7,7,7,2,2,2,2,3,9,9,9,9,9,7,7,7,7,8,9,7,13,13,13,7,6,8
TGCGT,3,4,6,5,6,7,7,1,2,2,4,4,4,4,6,6,7,8,7,7,5,4,7,6,6,10,10,4
TGCT,55,55,61,61,71,65,65,52,50,54,58,60,60,58,55,53,45,46,47,47,55,58,58,59,58,57,57,60
TGCTA,5,6,8,8,19,10,13,7,7,7,8,8,8,8,5,5,6,7,7,7,6,5,5,8,8,5,6,6
TGCTC,20,18,19,19,14,14,12,10,9,11,14,15,14,14,14,15,12,12,13,13,12,15,21,21,20,14,13,20
TGCTG,24,23,22,22,28,33,31,25,24,25,23,23,23,23,28,27,20,20,21,21,27,28,23,21,21,22,22,25
TGCTT,6,8,12,12,10,8,9,10,10,11,13,14,14,13,8,6,7,7,6,6,10,10,9,9,9,16,16,9
TGGA,134,136,135,132,128,138,136,127,129,130,147,148,148,147,137,136,144,143,145,144,127,126,141,142,142,130,132,147
TGGAA,43,42,37,35,51,56,57,37,38,40,50,50,50,50,51,50,44,40,41,40,35,35,41,42,42,33,33,39
TGGAC,28,28,27,26,16,23,23,26,26,26,24,23,23,22,29,29,29,30,30,30,24,23,31,29,29,25,25,31
TGGAG,34,36,38,38,34,37,35,33,33,33,39,39,39,39,36,36,46,49,49,49,47,45,49,49,49,51,52,56
TGGAT,29,30,33,33,27,22,21,31,32,31,34,36,36,36,21,21,25,24,25,25,21,23,20,22,22,21,22,21
TGGC,76,77,85,84,73,76,77,80,80,81,73,74,74,72,97,95,102,102,103,101,103,102,116,118,118,107,109,116
TGGCA,29,30,31,30,29,29,29,28,28,28,21,21,21,21,34,32,29,28,28,28,33,33,39,39,39,33,34,33
TGGCC,11,11,12,10,13,14,13,11,11,11,17,17,17,17,23,22,27,27,27,27,23,25,33,34,34,27,27,29
TGGCG,11,11,11,11,6,8,8,8,8,8,6,6,6,6,12,12,10,10,10,9,15,16,13,13,13,17,17,18
TGGCT,25,25,31,33,25,25,27,33,33,34,29,30,30,28,28,29,36,37,38,37,32,28,31,32,32,30,31,36
TGGG,74,75,78,78,82,82,80,83,82,85,68,69,69,67,103,101,102,101,101,101,98,96,80,80,80,101,101,84
TGGGA,23,22,25,26,25,26,28,31,31,32,32,33,33,32,33,33,31,30,30,30,30,30,34,35,35,33,33,38
TGGGC,13,13,17,18,20,16,17,21,21,21,9,9,9,9,20,20,24,24,24,24,16,19,13,13,13,18,19,14
TGGGG,23,25,20,19,23,25,23,14,14,15,14,14,14,14,42,41,39,40,40,40,40,39,28,27,27,39,39,28
TGGGT,15,15,16,15,14,15,12,17,16,17,13,13,13,12,8,7,8,7,7,7,12,8,5,5,5,11,10,4
TGGT,61,57,53,56,57,58,59,66,67,67,53,55,54,53,82,80,78,79,79,79,99,93,98,96,96,92,89,93
TGGTA,7,5,4,4,14,9,5,9,9,9,7,7,7,7,12,12,8,9,9,9,11,12,13,13,14,13,12,14
TGGTC,15,15,11,12,8,11,11,9,9,8,7,8,7,7,21,20,23,23,23,23,22,20,18,18,18,12,13,18
TGGTG,26,24,23,25,21,25,29,23,24,25,30,31,31,30,29,28,32,32,32,32,47,42,46,45,44,40,39,42
TGGTT,13,13,15,15,14,13,14,25,25,25,9,9,9,9,20,20,15,15,15,15,19,19,21,20,20,27,25,19
TGTA,18,20,18,19,13,16,17,21,22,23,17,17,18,17,17,16,15,14,14,14,16,12,17,16,16,19,19,11
TGTAA,5,4,5,5,3,3,3,6,7,7,2,3,3,2,1,1,2,1,1,1,2,1,3,3,3,3,3,2
TGTAC,6,5,5,5,4,7,6,6,6,6,7,7,7,7,7,7,4,4,4,4,6,6,5,5,5,6,6,3
TGTAG,2,3,5,6,3,5,6,4,4,5,3,2,3,3,3,2,2,1,1,1,4,3,1,1,1,5,5,1
TGTAT,5,8,3,3,3,1,2,5,5,5,5,5,5,5,6,6,7,8,8,8,4,2,8,7,7,5,5,5
TGTC,28,29,35,32,41,42,41,41,41,43,43,44,43,43,32,31,31,29,29,29,39,41,41,44,44,40,39,45
TGTCA,13,13,19,17,15,16,16,15,15,16,20,21,20,20,11,11,13,11,11,11,15,13,14,16,16,17,17,18
TGTCC,5,6,6,5,10,7,7,14,14,15,10,10,10,10,9,8,8,7,7,7,10,12,12,13,13,10,8,13
TGTCG,3,2,6,6,7,9,8,5,5,5,5,5,5,5,7,7,9,9,9,9,6,8,9,9,9,7,5,8
TGTCT,7,8,4,4,9,10,10,7,7,7,8,8,8,8,5,5,1,2,2,2,8,8,6,6,6,6,9,6
TGTG,61,60,64,61,69,70,65,57,56,57,64,63,64,64,100,94,91,95,94,94,102,99,91,92,92,88,89,91
TGTGA,11,10,15,13,14,15,15,15,14,14,19,19,19,19,26,24,22,24,24,24,23,21,23,24,24,16,17,25
TGTGC,17,18,14,15,17,17,14,8,8,8,13,12,13,13,15,14,11,13,12,12,10,10,9,9,9,10,10,10
TGTGG,24,24,26,25,28,27,28,26,26,27,24,24,24,24,40,40,41,42,42,42,46,46,36,36,36,41,41,37
TGTGT,9,8,9,8,10,11,8,8,8,8,8,8,8,8,19,16,17,16,16,16,23,22,23,23,23,21,21,19
TGTT,35,34,30,32,45,44,46,49,52,51,53,52,54,53,43,40,49,49,47,47,39,39,46,45,45,42,41,37
TGTTA,5,6,3,5,10,9,11,13,13,13,6,7,7,6,5,5,9,8,8,8,4,4,4,3,3,6,6,2
TGTTC,11,10,4,4,7,9,11,11,13,12,15,15,15,15,13,12,8,8,8,8,12,10,13,13,13,9,9,11
TGTTG,9,8,11,11,16,15,14,14,15,14,16,14,16,16,17,15,22,22,21,21,14,16,24,24,24,20,20,19
TGTTT,10,10,12,12,12,11,10,11,11,12,16,16,16,16,8,8,10,11,10,10,9,9,5,5,5,7,6,5
TTAA,15,15,13,18,22,20,20,19,19,19,10,12,11,9,8,7,9,6,7,6,8,8,5,5,5,8,8,13
TTAAA,6,6,3,5,7,10,11,4,4,4,1,1,1,1,2,2,1,1,1,2,3,2,4,3,3,0,0,7
TTAAC,4,4,5,6,6,4,4,7,7,7,2,3,3,1,0,0,1,1,1,1,3,4,0,1,1,4,4,1
TTAAG,5,5,3,5,4,2,2,4,4,4,4,4,4,4,1,1,3,3,3,3,1,2,1,1,1,2,2,4
TTAAT,0,0,2,2,5,4,3,4,4,4,3,4,3,3,5,4,4,1,2,0,1,0,0,0,0,2,2,1
TTAC,22,24,22,23,25,25,25,15,16,16,31,30,29,31,15,15,26,26,26,27,20,16,16,15,15,15,16,11
TTACA,11,12,11,10,7,11,10,10,11,11,11,11,11,11,3,3,9,9,9,10,4,5,3,3,3,5,6,4
TTACC,3,3,5,5,3,3,2,2,2,2,8,8,7,8,3,3,6,7,7,7,4,5,4,4,4,2,2,1
TTACG,3,4,2,2,5,2,2,0,0,0,7,6,6,7,1,1,4,3,3,3,4,1,3,3,3,3,3,5
TTACT,5,5,4,6,10,9,11,3,3,3,5,5,5,5,8,8,7,7,7,7,8,5,6,5,5,5,5,1
TTAG,24,25,28,28,19,17,17,22,22,25,16,19,19,17,11,7,13,18,16,16,11,11,6,8,7,16,16,4
TTAGA,9,10,10,11,3,2,0,6,7,9,1,4,4,2,4,4,6,7,6,6,2,1,1,2,1,4,5,1
TTAGC,9,9,8,7,8,5,6,4,4,4,5,5,5,5,1,1,4,5,4,4,4,3,3,3,3,4,3,1
TTAGG,2,2,6,6,5,6,8,7,7,7,6,6,6,6,3,0,1,4,4,4,3,4,1,1,1,4,4,1
TTAGT,4,4,4,4,3,4,3,5,4,5,4,4,4,4,3,2,2,2,2,2,2,3,1,2,2,4,4,1
TTAT,20,19,12,14,28,26,28,22,21,19,15,16,15,15,14,14,16,15,15,15,8,6,10,10,10,13,12,13
TTATA,3,1,0,1,3,1,4,5,4,4,1,1,1,1,0,0,3,3,3,3,0,0,0,0,0,2,2,0
TTATC,4,4,3,3,4,1,1,2,2,1,2,2,2,2,4,4,2,2,2,2,2,1,0,0,0,0,0,3
TTATG,12,12,6,5,12,16,16,7,7,7,5,6,5,5,9,9,6,6,6,6,4,2,9,9,9,9,8,8
TTATT,1,2,3,5,9,8,7,8,8,7,7,7,7,7,1,1,5,4,4,4,2,3,1,1,1,2,2,2
TTCA,39,39,37,37,44,47,47,51,50,50,38,39,39,38,36,35,39,37,36,35,37,38,37,38,39,33,33,37
TTCAA,11,11,10,9,13,12,10,20,19,19,13,13,13,13,9,9,11,11,10,10,13,13,9,9,9,6,6,7
TTCAC,9,9,9,10,9,10,12,11,11,11,9,10,10,9,7,6,14,12,12,11,9,7,7,7,7,5,5,9
TTCAG,11,11,10,11,11,12,13,13,13,13,10,10,10,10,11,11,9,9,9,9,9,11,14,14,15,10,10,15
TTCAT,8,8,8,7,11,13,12,7,7,7,6,6,6,6,9,9,5,5,5,5,6,7,7,8,8,12,12,6
TTCC,31,31,31,30,31,25,23,34,35,35,33,36,34,34,34,31,34,33,34,34,30,23,36,37,37,37,37,33
TTCCA,10,10,10,9,11,10,10,11,11,12,9,10,9,9,8,8,11,11,11,11,9,10,14,14,14,10,10,10
TTCCC,8,8,6,5,4,2,4,9,10,8,9,10,10,10,7,6,8,8,8,8,5,1,6,6,6,6,6,4
TTCCG,4,4,6,6,6,3,3,3,3,4,4,4,4,4,9,8,5,4,5,5,7,6,4,4,4,9,9,6
TTCCT,9,9,9,10,10,10,6,11,11,11,11,12,11,11,10,9,10,10,10,10,9,6,12,13,13,12,12,13
TTCG,32,33,25,26,13,16,13,15,16,17,16,17,16,16,16,16,16,14,14,14,23,21,19,19,19,19,20,23
TTCGA,4,5,3,3,3,4,4,4,4,4,2,2,2,2,1,1,3,3,3,3,6,7,5,5,5,4,4,8
TTCGC,11,11,7,8,6,3,4,5,5,5,5,5,5,5,4,4,2,0,0,0,3,3,4,4,4,2,3,5
TTCGG,11,11,10,10,4,6,4,3,3,3,6,6,6,6,6,6,8,7,7,7,11,9,6,6,6,10,10,6
TTCGT,6,6,5,5,0,3,1,3,4,5,3,4,3,3,5,5,3,4,4,4,3,2,4,4,4,3,3,4
TTCT,43,45,34,32,20,22,24,48,50,49,35,34,35,36,45,41,38,41,40,39,40,40,48,44,44,32,32,43
TTCTA,6,7,2,2,2,4,5,4,4,4,7,7,8,7,4,4,5,5,5,5,5,5,4,4,4,1,2,4
TTCTC,10,11,9,8,2,4,3,15,17,15,3,3,3,3,10,9,9,10,9,9,10,7,9,9,9,7,7,8
TTCTG,13,13,14,13,10,9,9,16,16,17,14,13,14,15,16,15,15,15,15,14,12,18,22,19,19,15,14,22
TTCTT,14,14,9,9,6,5,7,13,13,13,11,11,10,11,15,13,9,11,11,11,13,10,13,12,12,9,9,9
TTGA,43,42,47,48,70,66,71,58,60,59,67,70,70,67,59,57,53,58,57,58,49,50,48,48,48,48,47,47
TTGAA,10,10,13,12,20,20,20,15,15,15,16,18,17,16,12,11,11,12,12,13,12,14,6,8,8,12,13,8
TTGAC,12,13,12,14,15,15,16,14,15,15,9,10,11,9,17,17,15,17,17,17,15,15,15,16,16,10,9,11
TTGAG,12,11,8,8,16,17,18,17,17,17,24,24,24,24,14,13,13,14,14,13,13,11,17,15,15,18,17,15
TTGAT,9,8,14,14,19,14,17,12,13,12,18,18,18,18,16,16,14,15,14,15,9,10,10,9,9,8,8,13
TTGC,26,25,34,33,28,30,33,24,24,24,39,41,40,39,32,30,28,28,29,29,40,34,33,32,33,35,34,36
TTGCA,4,4,9,7,4,3,4,6,6,6,9,11,9,9,7,6,4,5,5,5,10,8,11,11,11,10,10,9
TTGCC,10,10,11,10,5,6,6,8,8,8,11,10,11,11,8,8,10,10,10,10,9,6,6,5,6,10,9,10
TTGCG,4,3,2,2,3,4,3,3,3,3,5,5,5,5,4,4,6,5,6,6,5,3,5,4,4,6,6,5
TTGCT,8,8,12,14,16,17,20,7,7,7,14,15,15,14,13,12,8,8,8,8,16,17,11,12,12,9,9,12
TTGG,65,63,78,78,82,83,82,86,87,86,81,82,82,81,95,94,94,93,94,95,74,69,75,76,76,97,96,68
TTGGA,28,25,25,23,36,35,37,30,31,30,31,31,31,31,34,34,28,27,28,28,16,13,23,25,25,30,30,26
TTGGC,16,17,25,26,16,21,18,19,19,19,12,13,13,12,22,21,20,22,22,23,24,21,18,20,20,27,26,22
TTGGG,15,15,20,20,21,21,19,23,22,23,25,25,25,25,22,22,28,27,27,27,19,20,18,17,17,22,22,10
TTGGT,6,6,8,9,9,6,8,14,15,14,13,13,13,13,17,17,18,17,17,17,15,15,16,14,14,18,18,10
TTGT,27,27,29,29,48,48,47,42,42,46,40,38,41,40,42,40,38,42,40,40,47,43,44,44,44,38,39,40
TTGTA,4,4,1,2,2,6,4,4,5,5,5,4,6,5,4,4,3,2,2,2,1,1,2,1,1,3,4,4
TTGTC,10,10,10,10,14,12,12,8,8,10,9,10,9,9,5,5,6,6,6,6,10,7,7,8,8,6,7,9
TTGTG,10,10,11,10,18,16,17,18,17,18,20,19,20,20,26,25,15,19,17,17,25,24,25,25,25,21,21,19
TTGTT,3,3,7,7,14,14,14,12,12,13,6,5,6,6,7,6,14,15,15,15,11,11,10,10,10,8,7,8
TTTA,18,18,16,17,18,12,12,17,16,15,17,16,16,17,11,9,12,13,13,14,10,8,8,9,8,11,12,8
TTTAA,5,5,4,6,4,5,4,4,4,4,2,2,2,2,0,0,1,0,0,0,1,1,1,1,1,2,2,4
TTTAC,6,6,6,5,3,3,3,3,3,3,7,6,6,7,5,5,4,5,5,6,6,5,3,3,3,4,4,2
TTTAG,4,4,4,4,4,2,2,6,5,5,4,4,4,4,4,2,3,4,4,4,2,1,1,2,1,3,4,0
TTTAT,3,3,2,2,7,2,3,4,4,3,4,4,4,4,2,2,4,4,4,4,1,1,3,3,3,2,2,2
TTTC,34,33,33,30,24,28,27,38,37,39,23,23,24,23,30,27,31,30,31,30,30,36,26,25,25,31,30,23
TTTCA,12,12,16,15,12,16,13,10,10,11,9,9,10,9,12,12,10,9,10,9,9,12,4,4,4,7,7,6
TTTCC,6,5,5,5,8,5,6,7,7,8,4,5,4,4,3,1,6,6,6,6,4,4,5,6,6,9,9,5
TTTCG,7,7,6,5,1,2,2,3,2,2,3,3,3,3,3,3,6,5,5,5,3,4,4,4,4,7,7,4
TTTCT,9,9,6,5,3,5,6,18,18,18,7,6,7,7,12,11,9,10,10,10,14,16,13,11,11,8,7,8
TTTG,33,31,47,46,69,66,68,57,57,59,58,59,60,58,50,49,46,48,48,49,46,36,34,34,34,44,45,39
TTTGA,10,9,12,12,19,17,18,16,15,16,12,13,14,12,15,15,12,13,13,13,9,8,6,6,6,8,8,5
TTTGC,5,5,9,8,7,7,7,8,8,8,14,14,14,14,2,2,4,4,4,4,7,5,6,6,6,7,6,6
TTTGG,13,12,19,19,24,26,26,23,24,24,18,18,18,18,25,25,24,24,24,25,18,14,17,17,17,23,23,21
TTTGT,5,5,7,7,19,16,17,10,10,11,14,14,14,14,8,7,6,7,7,7,12,9,5,5,5,6,8,7
TTTT,28,28,31,32,39,36,34,38,34,37,34,33,34,34,40,37,42,42,43,41,33,23,19,22,22,45,45,30
TTTTA,4,4,6,8,6,5,4,4,4,3,3,2,2,3,2,2,4,4,4,4,3,1,2,2,2,4,4,2
TTTTC,10,9,10,7,10,11,8,11,10,10,9,9,9,9,9,7,16,16,17,15,8,8,5,5,5,13,12,4
TTTTG,7,7,9,10,18,16,18,19,17,20,14,15,15,14,15,15,12,13,13,13,14,10,6,8,8,13,14,13
TTTTT,7,8,6,7,5,4,4,4,3,4,8,7,8,8,14,13,10,9,9,9,8,4,6,7,7,15,15,11
